gid,tipo_recorrido,cantidad_paradas,linea_ramal,lng,lat
1524,IDA,1,105-A 105-B,-58.783095999999844,-27.446218000007995
1505,IDA,,108 AB,-58.852561999999864,-27.473599000008019
1506,IDA,,108 AB,-58.849290999999873,-27.468834000008027
1509,IDA,,108 AB,-58.849915999999872,-27.475430000008014
1510,IDA,,108 AB,-58.852460999999877,-27.47511500000801
1515,IDA,,104 B,-58.840885999999855,-27.494437000008027
1520,VUELTA,,104 B,-58.841043999999854,-27.494270000008022
1521,IDA,,102 C,-58.834040999999864,-27.464412000008025
1522,IDA,,108 AB,-58.850051999999856,-27.473810000008026
1523,IDA,,108 AB,-58.849765999999882,-27.470886000008008
1518,VUELTA,,104 B,-58.845618999999871,-27.470206000008019
1517,,,103 A - 104 A - 104 C - 104 D - 102 A - 102 C - 108 AB - 110 A - 110 C- SANTA CATALINA,-58.838250999999858,-27.469856000008033
1513,IDA,,104 A,-58.826056999999857,-27.463037000008008
1514,,,104 B,-58.845523999999877,-27.474890000008021
1516,,,103 B - 103 C - 105 C - 106 ABC,-58.832360999999864,-27.462554000008019
1512,VUELTA,,101 BC- 102 AB - 106 ABC - 108 C,-58.834372999999864,-27.466743000008009
1508,,,104 AB - 108 AB,-58.845890999999874,-27.475992000008016
1511,IDA,,104 B,-58.844423999999876,-27.46821900000802
1507,,,103 D - 104 AB - 105 C - 108 C - 109 AB,-58.829101999999864,-27.465981000008028
39,VUELTA,6,105-A 105-B 105-C-PERICHON 105-C-250VIV 102-A 104-B,-58.830375342625416,-27.469325132745968
40,VUELTA,6,105-A 105-B 105-C-250VIV 105-C-PERICHON 102-A 101-B 101-C,-58.825767056114422,-27.469815557945513
41,VUELTA,5,105-A 105-B 102-A 101-B 101-C,-58.822353861306304,-27.470136081945171
42,VUELTA,5,105-A 105-B 102-A 101-B 101-C,-58.820198706301134,-27.470352586444953
44,VUELTA,5,105-A 105-B 108-A-B 101-B 101-C,-58.81645492929222,-27.470725162044573
46,VUELTA,4,105-A 108-A-B 101-B 101-C,-58.813344404984782,-27.471070831744282
47,VUELTA,3,105-A 101-B 101-C,-58.811014717257464,-27.47168855371579
48,VUELTA,3,105-A 101-B 101-C 110-A,-58.808440831507383,-27.472283465884992
49,VUELTA,1,105-A,-58.805903705767008,-27.471902232743524
50,VUELTA,1,105-A,-58.805034083265305,-27.469030508843552
51,VUELTA,1,105-A,-58.801673107757338,-27.468933614043227
52,VUELTA,4,105-A 105-B 105-C-250VIV 105-C-PERICHON 109-A 109-B-YECOHA,-58.798932226211257,-27.468980323517506
53,VUELTA,4,105-A 105-B 105-C-250VIV 105-C-PERICHON 109-A 109-B-YECOHA,-58.797391689493196,-27.468594746417523
54,VUELTA,4,105-A 105-B 105-C-250VIV 105-C-PERICHON 109-A 109-B-YECOHA,-58.795607124343022,-27.468179410442652
55,IDA,1,105-A,-58.777142629900638,-27.456559578041304
56,VUELTA,4,105-A 105-B 105-C-250VIV 105-C-PERICHON 109-A 109-B-YECOHA,-58.792724330159771,-27.467434788517341
57,VUELTA,4,105-A 105-B 105-C-250VIV 105-C-PERICHON 109-A 109-B-YECOHA,-58.791086430848345,-27.467037801922849
58,VUELTA,3,105-A 105-C-250VIV 105-C-PERICHON 109-A 109-B-YECOHA,-58.78781674996501,-27.466280296635571
59,VUELTA,3,105-A 105-C-250VIV 105-C-PERICHON 109-A 109-B-YECOHA 110-A,-58.785877484491074,-27.465789123486172
60,VUELTA,3,105-A 105-C-250VIV 105-C-PERICHON 109-A 109-B-YECOHA,-58.783743727529391,-27.465238319979782
61,VUELTA,3,105-A 105-C-250VIV 105-C-PERICHON 109-A 109-B-YECOHA 110-A,-58.782657366270364,-27.464961316857142
62,VUELTA,3,105-A 105-C-250VIV 105-C-PERICHON 109-A 109-B-YECOHA,-58.780404139490059,-27.464401776420448
63,VUELTA,3,105-A 105-C-250VIV 105-C-PERICHON,-58.778094551186513,-27.463830077329369
64,VUELTA,3,105-A 105-C-250VIV 105-C-PERICHON,-58.776324639897844,-27.463368952340939
65,IDA,1,105-A,-58.776463444198818,-27.458308629841159
66,VUELTA,1,105-A 110-A,-58.775200207595425,-27.461441869040904
67,VUELTA,1,105-A,-58.776193463098153,-27.458446847341119
68,VUELTA,1,105-A 110-A,-58.776852615999935,-27.45666912954125
69,VUELTA,1,105-A 110-A,-58.777540854101794,-27.454819578741404
71,VUELTA,1,105-A,-58.779057810905975,-27.45010207604173
72,VUELTA,1,105-A,-58.77946207010708,-27.4489553478418
73,VUELTA,1,105-A,-58.780284670109296,-27.446807904241961
74,VUELTA,1,105-A,-58.778560596405271,-27.446188649241847
75,VUELTA,1,105-A,-58.778736700205791,-27.445551876041858
76,IDA,1,105-A,-58.775422663295977,-27.461310776040936
77,VUELTA,1,105-A,-58.779355619907427,-27.444161653641984
78,IDA,3,105-A 105-C-250VIV 105-C-PERICHON 110-A,-58.774869402263704,-27.462744807091759
79,IDA,3,109-A 109-B-YECOHA 104-C,-58.829589790718749,-27.509922545544359
80,IDA,5,109-A 109-B-YECOHA 103-B 103-D 103-C-ESPERANZA-PUERTO,-58.811432995776173,-27.504859624542807
83,VUELTA,2,109-A 109-B-YECOHA,-58.830291973706238,-27.466038910186786
85,VUELTA,11,109-A 109-B-YECOHA 102-B 102-C 103-A 103-B 103-D 103-C-ESPERANZA-PUERTO 106-A 106-B 106-C,-58.831078249026639,-27.473047619845904
86,VUELTA,11,109-A 109-B-YECOHA 102-C 102-B 103-D 103-A 103-C-ESPERANZA-PUERTO 103-B 106-A 106-B 106-C,-58.831307242626927,-27.47513915614584
87,VUELTA,5,109-A 109-B-YECOHA 103-B 103-D 103-C-ESPERANZA-PUERTO,-58.830763676225445,-27.476850573045724
88,VUELTA,5,109-A 109-B-YECOHA 103-D 103-C-ESPERANZA-PUERTO 103-B,-58.830048616023625,-27.477869644845597
89,VUELTA,5,109-A 109-B-YECOHA 103-D 103-B 103-C-ESPERANZA-PUERTO,-58.828798874320469,-27.479445945545429
90,VUELTA,6,109-A 109-B-YECOHA 103-B 103-D 103-C-ESPERANZA-PUERTO 110-A,-58.826353621714297,-27.48253543124509
91,IDA,5,109-A 109-B-YECOHA 103-B 103-D 103-C-ESPERANZA-PUERTO,-58.812693634079537,-27.50194934394306
92,VUELTA,5,109-A 109-B-YECOHA 103-D 103-B 103-C-ESPERANZA-PUERTO,-58.824219337708925,-27.485221160644773
93,VUELTA,5,109-A 109-B-YECOHA 103-B 103-D 103-C-ESPERANZA-PUERTO 110-B,-58.820493581699488,-27.490052908744239
94,VUELTA,5,109-A 109-B-YECOHA 103-B 103-D 103-C-ESPERANZA-PUERTO,-58.819330341196476,-27.492206387344041
95,VUELTA,5,109-A 109-B-YECOHA 103-B 103-D 103-C-ESPERANZA-PUERTO,-58.818117251354963,-27.494065600673274
96,VUELTA,5,109-A 109-B-YECOHA 103-D 103-B 103-C-ESPERANZA-PUERTO,-58.817097402190761,-27.49560801514372
97,VUELTA,5,109-A 109-B-YECOHA 103-B 103-D 103-C-ESPERANZA-PUERTO 110-B,-58.815408700086451,-27.498033570243461
98,VUELTA,5,109-A 109-B-YECOHA 103-B 103-D 103-C-ESPERANZA-PUERTO,-58.814172453183296,-27.499799888643281
99,VUELTA,5,109-A 109-B-YECOHA 103-B 103-D 103-C-ESPERANZA-PUERTO,-58.812908378380037,-27.502002820443057
100,VUELTA,5,109-A 109-B-YECOHA 103-B 103-D 103-C-ESPERANZA-PUERTO,-58.811644219776674,-27.504949897642842
101,IDA,5,109-A 109-B-YECOHA 103-B 103-D 103-C-ESPERANZA-PUERTO,-58.813987296982866,-27.499770803443251
102,VUELTA,5,109-A 109-B-YECOHA 103-B 103-D 103-C-ESPERANZA-PUERTO,-58.810698489674117,-27.507592711742653
124,IDA,3,109-A 109-B-YECOHA 104-C 105-C-250VIV 105-C-PERICHON,-58.817562341709653,-27.467161990581122
140,IDA,2,109-A 109-B-YECOHA,-58.777180432199856,-27.463614961241017
141,IDA,2,109-A 109-B-YECOHA 103-A,-58.820053630783036,-27.508891780616253
143,IDA,2,109-A 109-B-YECOHA,-58.773196779030663,-27.462606198484504
144,IDA,2,105-C-PERICHON 109-A 109-B-YECOHA,-58.764990127471471,-27.459194848439985
146,IDA,2,105-C-PERICHON 109-A 109-B-YECOHA,-58.755357225249526,-27.451966043639271
148,IDA,1,109-A,-58.750394468038181,-27.448635242938916
149,IDA,1,109-A,-58.74830150683318,-27.448912516338705
150,IDA,1,109-A,-58.746214748228184,-27.449221473338458
151,IDA,1,109-A,-58.738972113310865,-27.45031464113768
152,IDA,1,109-A,-58.734142125399309,-27.451156100337158
153,IDA,1,109-A,-58.731458072292888,-27.451528843636893
154,IDA,1,109-A,-58.728861358686686,-27.451815337036592
155,IDA,1,109-A,-58.724395899775978,-27.452639110536079
156,IDA,1,109-A,-58.722218532770739,-27.453264903335842
157,VUELTA,1,109-A,-58.72220780397074,-27.453099863735869
158,VUELTA,1,109-A,-58.724371256975935,-27.452539030536109
159,VUELTA,1,109-A,-58.72879346528655,-27.45171534093658
160,VUELTA,1,109-A,-58.731383054292714,-27.45142214193686
161,VUELTA,1,109-A,-58.734079680199173,-27.451071443137149
162,VUELTA,1,109-A,-58.738894832110695,-27.450227888437677
163,VUELTA,1,109-A,-58.746149117928056,-27.44912910473845
164,VUELTA,1,109-A,-58.74813068363278,-27.448849652038664
165,VUELTA,1,109-A,-58.750262788337857,-27.448551256338888
168,VUELTA,2,109-A 109-B-YECOHA,-58.757890906955332,-27.453583834839478
170,VUELTA,2,109-A 109-B-YECOHA,-58.773255197170322,-27.462465807313677
171,VUELTA,2,109-A 109-B-YECOHA,-58.775436907710777,-27.462986440320286
172,VUELTA,2,109-A 109-B-YECOHA,-58.777205074999948,-27.46342418914103
204,IDA,4,102-C 102-A 106-B 106-A,-58.800671889353517,-27.480654951342711
205,IDA,4,102-C 102-A 106-B 106-A,-58.802372996657631,-27.480215907242872
206,IDA,4,102-C 102-A 106-B 106-A,-58.804368727762451,-27.47962121114308
207,IDA,4,102-C 102-A 106-B 106-A,-58.80622481646688,-27.479301441543278
208,IDA,5,102-C 102-A 106-C 106-B 106-A,-58.80967799287513,-27.478883184643642
209,IDA,5,102-C 102-A 106-C 106-B 106-A,-58.812195329881149,-27.478582693343878
210,IDA,7,102-C 102-A 102-B 108-C 106-A 106-B 106-C,-58.815149699288213,-27.478201652044177
212,IDA,7,102-C 102-B 102-A 106-A 106-B 106-C 108-C,-58.817397306693579,-27.477926725644409
213,IDA,6,102-C 102-B 102-A 106-A 106-B 106-C,-58.820552422701127,-27.477530932144713
214,IDA,6,102-C 102-A 102-B 106-C 106-B 106-A,-58.822615963406044,-27.477262208344932
215,IDA,6,102-C 102-B 102-A 106-A 106-B 106-C,-58.82518853711219,-27.476958867245187
216,IDA,6,102-C 102-A 102-B 106-B 106-C 106-A,-58.827623899118009,-27.47666692554543
217,IDA,3,102-C 102-A 102-B,-58.834132446933552,-27.475858658646075
218,IDA,5,102-C 102-B 102-A 104-C 104-D,-58.836577615739401,-27.475506032046319
219,IDA,1,102-C,-58.718365120456696,-27.490984222034033
221,VUELTA,1,102-C,-58.833878056134544,-27.462232198646547
222,VUELTA,8,102-C 102-A 102-B 108-C 106-A 106-B 106-C 101-B 101-C,-58.832672870154568,-27.466819895616641
223,VUELTA,5,102-C 102-B 106-A 106-B 106-C,-58.830032187523727,-27.476728784045676
224,IDA,1,102-C,-58.718198823456419,-27.490083502734045
225,VUELTA,5,102-C 102-B 106-A 106-B 106-C,-58.827348805017323,-27.477052493145383
226,VUELTA,5,102-C 102-B 106-A 106-B 106-C,-58.824953257111588,-27.477378716845141
227,VUELTA,5,102-C 102-B 106-A 106-B 106-C,-58.822373558805431,-27.4776880090449
228,VUELTA,7,102-C 102-A 102-B 108-C 106-A 106-B 106-C,-58.819552964498691,-27.478041976844604
229,VUELTA,7,102-C 102-B 102-A 108-C 106-A 106-B 106-C,-58.817082901492789,-27.478363087544373
230,VUELTA,5,102-C 102-A 106-C 106-B 106-A,-58.814483924786586,-27.478651341144097
231,VUELTA,5,102-C 102-A 106-A 106-B 106-C,-58.812237407081199,-27.478941857943866
232,VUELTA,5,102-C 102-A 106-A 106-B 106-C,-58.809683524975092,-27.47926833304361
233,VUELTA,4,102-C 102-A 106-B 106-A,-58.807393337569636,-27.479550635543394
234,VUELTA,4,102-C 102-A 106-A 106-B,-58.804299325662221,-27.48002773344308
235,IDA,1,102-C,-58.722400000966481,-27.489539517234501
236,VUELTA,4,102-C 102-A 106-A 106-B,-58.802018106856721,-27.480684958542813
237,VUELTA,4,102-C 102-A 106-B 106-A,-58.800251453152477,-27.481180999542637
238,VUELTA,3,102-C 102-A 106-A,-58.798175926247474,-27.481783071642401
239,VUELTA,3,102-C 102-A 106-A,-58.795208732540317,-27.482661495142096
240,VUELTA,3,102-C 102-A 106-A,-58.792418229333578,-27.483484765641798
241,VUELTA,1,102-C,-58.791087099230396,-27.48377176194165
242,VUELTA,3,102-C 102-A 106-A,-58.787897617522781,-27.484069151941323
243,VUELTA,3,102-C 102-A 106-A,-58.785140809516207,-27.484275849641037
244,VUELTA,1,102-C,-58.779361822502445,-27.484651778040444
245,VUELTA,1,102-C,-58.775170703292396,-27.485295675840018
246,IDA,1,102-C,-58.724485418571412,-27.489722326534711
247,VUELTA,1,102-C,-58.769443265078678,-27.486267725139403
248,VUELTA,1,102-C,-58.765205877668443,-27.487617043838927
249,VUELTA,1,102-C,-58.762473293461859,-27.48847082453862
250,VUELTA,1,102-C,-58.755995591046194,-27.490467310037907
251,VUELTA,1,102-C,-58.752214514437135,-27.491112046037493
252,VUELTA,1,102-C,-58.749428537530456,-27.49156450113718
253,VUELTA,1,102-C,-58.74059417920931,-27.492721622936244
254,VUELTA,1,102-C,-58.737587003802211,-27.492204208035947
255,VUELTA,1,102-C,-58.730138341684771,-27.490426071135271
256,VUELTA,1,102-C,-58.72447007967137,-27.489860460234709
257,IDA,1,102-C,-58.730197266484922,-27.490270083835266
258,VUELTA,1,102-C,-58.721114049463417,-27.489635573834342
259,VUELTA,1,102-C,-58.720508373061861,-27.490495808534263
260,VUELTA,1,102-C,-58.720749101362287,-27.49172057223425
261,VUELTA,1,102-C,-58.720849935662415,-27.492378886934244
262,VUELTA,1,102-C,-58.719653335159549,-27.492676025334109
263,VUELTA,1,102-C,-58.71883635105759,-27.492791025034023
264,VUELTA,1,102-C,-58.718997367457867,-27.493644219033978
265,IDA,1,102-C,-58.738725601504932,-27.492299594136067
266,IDA,1,103-D,-58.763451545352645,-27.580618618135233
267,IDA,1,103-D,-58.76102565494859,-27.566733995535508
268,VUELTA,3,103-D 103-B 103-C-ESPERANZA-PUERTO,-58.809416645170558,-27.51176103214236
269,VUELTA,3,103-D 103-B 103-C-ESPERANZA-PUERTO,-58.807365928765442,-27.513808395842073
270,VUELTA,3,103-D 103-B 103-C-ESPERANZA-PUERTO,-58.80610922996231,-27.51491933324192
271,VUELTA,3,103-D 103-B 103-C-ESPERANZA-PUERTO,-58.799962026046856,-27.52185552574106
272,VUELTA,2,103-D 103-C-ESPERANZA-PUERTO,-58.796554028038315,-27.525381121940612
273,VUELTA,3,103-D 103-C-ESPERANZA-PUERTO 103-C-ESPERANZA-MONTAÃ‘A,-58.793416849230368,-27.529376439840149
274,VUELTA,1,103-D,-58.791517090925645,-27.530967073639903
275,VUELTA,1,103-D,-58.788835887719152,-27.531814400239622
276,VUELTA,1,103-D,-58.785451023711005,-27.53267865823922
277,IDA,1,103-D,-58.758932106943206,-27.569896655235205
278,VUELTA,1,103-D,-58.771426423277696,-27.532018415737866
279,VUELTA,1,103-D,-58.767487264068549,-27.530193004837532
280,VUELTA,1,103-D,-58.762507826856684,-27.530221335737057
281,VUELTA,1,103-D,-58.760423415151472,-27.532285295536756
282,VUELTA,1,103-D,-58.758948954547776,-27.533875510236555
283,VUELTA,1,103-D,-58.755153461238137,-27.538475833936012
284,VUELTA,1,103-D,-58.752370082630776,-27.544474845835481
285,VUELTA,1,103-D,-58.749154784521224,-27.559318609634584
286,VUELTA,1,103-D,-58.744382464109066,-27.565543681533871
287,VUELTA,1,103-D,-58.743236406506128,-27.567064074933718
288,IDA,1,103-D,-58.758959683442782,-27.573753839435049
289,VUELTA,1,103-D,-58.742177604503247,-27.569930099033485
290,VUELTA,1,103-D,-58.74164719770171,-27.572038650633367
291,VUELTA,1,103-D,-58.741181582900303,-27.574347026733239
292,VUELTA,1,103-D,-58.740862064799167,-27.577329475533077
293,VUELTA,1,103-D,-58.740670873598297,-27.580554831832945
294,VUELTA,1,103-D,-58.740783191098309,-27.582460373732872
295,VUELTA,1,103-D,-58.74293985480351,-27.582108250033109
296,VUELTA,1,103-D,-58.745588368509885,-27.581756796833396
297,VUELTA,1,103-D,-58.749482684619217,-27.581377431833801
298,VUELTA,1,103-D,-58.751925255025057,-27.581237286434057
299,IDA,1,103-D,-58.758946523842368,-27.576859418434939
300,VUELTA,1,103-D,-58.752920019227439,-27.581226892834149
301,VUELTA,1,103-D,-58.755467447233492,-27.581373240934408
302,VUELTA,1,103-D,-58.756601937836209,-27.58139930863452
303,IDA,1,103-D,-58.758769790378068,-27.581487673751504
304,VUELTA,1,103-D,-58.75975261144373,-27.581228988334857
305,IDA,1,103-D,-58.758944763642091,-27.578891527034852
306,VUELTA,1,103-D,-58.758728494601954,-27.581389217536611
307,IDA,1,103-D,-58.756675195736349,-27.581510620334502
308,IDA,1,103-D,-58.755495107533541,-27.581482540934392
309,IDA,1,103-D,-58.752784651527087,-27.581328565334136
310,IDA,1,103-D,-58.749619477219539,-27.581476589733825
311,IDA,1,103-D,-58.763691351553447,-27.578543342735355
312,IDA,1,103-D,-58.745728849210209,-27.58189174543341
313,IDA,1,103-D,-58.74374284110543,-27.582085367433187
314,IDA,1,103-D,-58.742953433403535,-27.582199445133117
315,IDA,1,103-D,-58.741735040000606,-27.582409830832972
316,IDA,1,103-D,-58.740764499398281,-27.582571433932866
317,IDA,1,103-D,-58.74040106009749,-27.58197749233285
318,IDA,1,103-D,-58.740440371197707,-27.580926736932899
319,IDA,1,103-D,-58.740643213298654,-27.577276669533052
320,IDA,1,103-D,-58.740899448099661,-27.574058437833198
321,IDA,1,103-D,-58.741975097702806,-27.569699512933486
324,IDA,1,103-D,-58.748925539520691,-27.5591708366346
325,IDA,1,103-D,-58.752184172030333,-27.544375855535471
326,IDA,1,103-D,-58.754993366837802,-27.538232507335991
327,IDA,1,103-D,-58.758769665647378,-27.533704938436546
328,IDA,1,103-D,-58.760161899850857,-27.532169709036751
329,IDA,1,103-D,-58.762280174356157,-27.530185293537006
330,IDA,1,103-D,-58.76809394627,-27.530237680437608
331,IDA,1,103-D,-58.77129197757742,-27.531754553437882
332,IDA,1,103-D,-58.783871286407226,-27.532880410639073
333,IDA,1,103-D,-58.763980275755017,-27.571672193835632
334,IDA,1,103-D,-58.788815268219132,-27.53158917843961
335,IDA,3,103-D 103-C-ESPERANZA-PUERTO 103-C-ESPERANZA-MONTAÃ‘A,-58.793244517329974,-27.529225230340135
336,IDA,3,103-D 103-C-ESPERANZA-MONTAÃ‘A 103-C-ESPERANZA-PUERTO,-58.796269043237658,-27.525225805240574
337,IDA,3,103-D 103-B 103-C-ESPERANZA-PUERTO,-58.799722387346293,-27.521739771741061
338,IDA,3,103-D 103-B 103-C-ESPERANZA-PUERTO,-58.80322317305518,-27.517220752441546
339,IDA,3,103-D 103-B 103-C-ESPERANZA-PUERTO,-58.805962714361989,-27.514758903641923
340,IDA,3,103-D 103-B 103-C-ESPERANZA-PUERTO,-58.807237769465139,-27.513636734442084
341,IDA,3,103-D 103-B 103-C-ESPERANZA-PUERTO,-58.80929787357028,-27.511618875042352
342,IDA,1,103-D,-58.764295938256453,-27.566278271435866
343,IDA,3,103-D 103-B 103-C-ESPERANZA-PUERTO,-58.810262211572891,-27.509015958842557
344,IDA,3,103-D 103-B 103-C-ESPERANZA-PUERTO,-58.811969856677599,-27.503718679842926
345,IDA,5,103-D 103-B 103-C-ESPERANZA-PUERTO 109-A 109-B-YECOHA,-58.816390472488997,-27.496212266543623
346,IDA,1,103-D,-58.764251346556648,-27.56367451703596
347,IDA,5,103-D 103-B 103-C-ESPERANZA-PUERTO 109-A 109-B-YECOHA,-58.82234979214369,-27.48730128764603
348,IDA,6,103-D 103-A 103-C-ESPERANZA-PUERTO 103-B 106-B 102-B,-58.830062405414104,-27.476365723234494
349,IDA,4,103-D 103-A 103-B 103-C-ESPERANZA-PUERTO,-58.82977218092347,-27.47368070494575
350,IDA,5,103-D 103-B 103-A 103-C-ESPERANZA-PUERTO 101-B 101-C,-58.829532290823167,-27.471488753445808
351,IDA,1,103-D,-58.76231638415203,-27.563825810435752
352,IDA,4,103-D 103-A 103-C-ESPERANZA-PUERTO 103-B,-58.829238002222731,-27.469192531045863
353,IDA,4,103-D 103-C-ESPERANZA-PUERTO 103-A 103-B 104-B,-58.828972463522369,-27.466899912945927
354,IDA,6,103-D 103-A 103-B 103-C-ESPERANZA-PUERTO 105-C-250VIV 105-C-PERICHON 108-C 104-A 104-B 104-C 104-D,-58.830446676540049,-27.465840261898624
355,VUELTA,5,103-A 103-B 103-C-ESPERANZA-PUERTO 103-D 110-A,-58.83932205573592,-27.468221985224773
356,IDA,1,103-D,-58.761458747849929,-27.564255885835653
357,VUELTA,5,103-D 103-B 103-C-ESPERANZA-PUERTO 109-A 109-B-YECOHA 110-B,-58.822561078104329,-27.487336750804964
358,IDA,1,103-D,-58.761145180849006,-27.565709559335581
359,VUELTA,3,103-D 103-B 103-C-ESPERANZA-PUERTO,-58.812142942977978,-27.503895035142929
360,VUELTA,3,103-D 103-B 103-C-ESPERANZA-PUERTO,-58.810438482973304,-27.50909047394256
361,IDA,1,103-D,-58.746880103612966,-27.581743301933532
362,IDA,1,108-C,-58.793233117932047,-27.511975273640775
363,IDA,1,108-C,-58.80121813805124,-27.510290762541619
364,IDA,2,108-C 108-A-B,-58.798429227345139,-27.505926305541518
365,IDA,1,108-C,-58.79306958703188,-27.510116670340835
366,IDA,1,108-C,-58.803654421957766,-27.504284374542095
367,IDA,1,108-C,-58.804868037760656,-27.504158645942208
368,IDA,1,108-C,-58.806146613263707,-27.504078347342318
369,IDA,1,108-C,-58.807667174367374,-27.503713231642504
370,IDA,1,108-C,-58.809400887171712,-27.501824453542742
371,IDA,1,108-C,-58.81070821267501,-27.500227449542919
372,IDA,1,108-C,-58.812857416480433,-27.497492266943237
373,IDA,1,108-C,-58.814246213983964,-27.495779508843412
374,IDA,1,108-C,-58.815433761986945,-27.494257690543598
375,IDA,1,108-C,-58.815967102488308,-27.493550676943673
376,IDA,1,108-C,-58.817004446890941,-27.492328176343829
377,IDA,1,108-C,-58.816622148290357,-27.489626772843884
378,IDA,1,108-C,-58.816483008690106,-27.488801406843926
379,IDA,3,108-C 108-A-B 102-B,-58.815870878289068,-27.485304895943994
380,IDA,3,108-C 108-A-B 102-B,-58.815572398688523,-27.484001258543998
381,IDA,3,108-C 108-A-B 102-B,-58.81497091328751,-27.48051614694408
382,IDA,1,108-C,-58.81964214799897,-27.477486424244642
383,IDA,1,108-C,-58.819465373598689,-27.476259229844665
384,IDA,1,108-C,-58.819206875698264,-27.474764317344693
385,IDA,1,108-C,-58.818815776097559,-27.472857769644747
386,IDA,1,108-C,-58.818437836097019,-27.469866687544805
387,IDA,1,108-C,-58.819575847099827,-27.468869827844955
388,IDA,1,108-C,-58.821361169513331,-27.46732398054268
389,IDA,3,108-C 105-C-PERICHON 105-C-250VIV 109-A 109-B-YECOHA,-58.823511769382471,-27.466478721913042
390,IDA,3,108-C 105-C-250VIV 105-C-PERICHON 109-A 109-B-YECOHA 104-A,-58.826879118848616,-27.466185529306912
392,VUELTA,5,108-C 104-A 104-B 104-C 104-D 103-D,-58.833915071922696,-27.465540483553582
393,VUELTA,5,108-C 104-A 104-B 104-C 104-D,-58.835593580338262,-27.465383794246623
394,VUELTA,5,108-C 104-A 104-B 104-C 104-D 103-D,-58.837607248743062,-27.465195033846797
396,VUELTA,8,108-C 102-A 106-B 106-C 106-A 102-B 101-B 101-C,-58.835594070911114,-27.466597328664161
401,VUELTA,2,108-C 102-A,-58.819484651998891,-27.475015271544731
402,VUELTA,1,108-C,-58.819690930699245,-27.476256966744689
403,VUELTA,3,108-C 108-A-B 102-B,-58.814986335987726,-27.478980917644154
404,VUELTA,3,108-C 108-A-B 110-A,-58.81527936738825,-27.480449678444103
405,IDA,1,108-C,-58.798206017244162,-27.509556507841367
406,VUELTA,3,108-C 108-A-B 102-B,-58.815755207989064,-27.483179915844037
407,VUELTA,1,108-C,-58.816918783791017,-27.489839086443919
408,VUELTA,1,108-C,-58.817062449591063,-27.492410654343832
409,VUELTA,1,108-C,-58.816059051988539,-27.493632065243684
410,VUELTA,1,108-C,-58.815559658187247,-27.494337989143602
411,VUELTA,1,108-C,-58.814258870683979,-27.495917642643434
412,VUELTA,1,108-C,-58.812931177180602,-27.497603746243236
413,VUELTA,1,108-C,-58.810831007475308,-27.50028922424293
414,IDA,1,108-C,-58.799057115746052,-27.510609023341399
415,VUELTA,1,108-C,-58.809477833071874,-27.501962335842745
416,VUELTA,1,108-C,-58.807167948166125,-27.504093350942423
417,VUELTA,1,108-C,-58.806164885863751,-27.50418136094234
418,VUELTA,1,108-C,-58.804841467160585,-27.504268197442208
419,VUELTA,1,108-C,-58.803628102857687,-27.504387388142092
420,VUELTA,1,108-C,-58.802234443754358,-27.504507416941944
423,VUELTA,1,108-C,-58.799631946647992,-27.505909541741641
424,VUELTA,1,108-C,-58.798428053945123,-27.506012387641519
425,IDA,1,108-C,-58.800166460648732,-27.510450856841505
426,VUELTA,1,108-C,-58.793174863732169,-27.509867811640856
427,VUELTA,1,108-C,-58.793396313632435,-27.511963371340801
428,IDA,1,108-A-B,-58.802325219754565,-27.504564833041961
429,VUELTA,3,108-A-B 102-B 110-B,-58.814704787886093,-27.487043554043801
430,VUELTA,3,108-A-B 102-B 110-B,-58.812306893080383,-27.487301129943564
431,VUELTA,3,108-A-B 102-B 110-B,-58.809869603174612,-27.487062497143334
432,VUELTA,3,108-A-B 102-B 110-B,-58.807711933669502,-27.486910533243137
433,VUELTA,3,108-A-B 102-B 110-B,-58.808228678070428,-27.489350505243099
434,VUELTA,2,102-B 108-A-B 110-B,-58.808105774897143,-27.490624674807524
436,VUELTA,2,108-A-B 110-B,-58.804132693360437,-27.491736833142596
437,VUELTA,2,108-A-B 110-B,-58.802909857557367,-27.49289185934245
438,VUELTA,2,108-A-B 110-B,-58.800998364552832,-27.492896301742245
439,IDA,1,108-A-B 108-C,-58.801328611552201,-27.504581848241859
440,VUELTA,2,108-A-B 110-B,-58.799703863349755,-27.492784235742132
441,VUELTA,1,108-A-B,-58.799814504549843,-27.494228102342102
442,VUELTA,1,108-A-B,-58.800356394550938,-27.495906494642082
443,VUELTA,1,108-A-B,-58.79940697634833,-27.49891568174187
444,VUELTA,1,108-A-B,-58.797806954844241,-27.501172592941632
445,VUELTA,1,108-A-B,-58.797894210444163,-27.503431432041559
446,VUELTA,1,108-A-B,-58.797987165844248,-27.504451342041541
447,VUELTA,1,108-A-B,-58.798004264844131,-27.505863441241495
448,VUELTA,2,108-A-B 108-C,-58.798133262344251,-27.507331028641438
449,VUELTA,2,108-A-B 108-C,-58.798021363943896,-27.508329145741396
450,IDA,1,108-A-B,-58.80025639844964,-27.504670109741742
451,VUELTA,2,108-A-B 108-C,-58.795838381138616,-27.508836167041178
452,VUELTA,2,108-A-B 108-C,-58.794497276635425,-27.508897187341017
453,VUELTA,2,108-A-B 108-C,-58.792759875731278,-27.509099191140848
454,IDA,1,108-A-B,-58.799209163447138,-27.504771195441631
455,IDA,1,108-A-B,-58.797660103943478,-27.50447925374149
456,IDA,1,108-A-B,-58.797587851943419,-27.503571577441509
457,IDA,1,108-A-B,-58.797499171443491,-27.5013014228416
458,IDA,1,108-A-B,-58.799174210947783,-27.498803280441852
459,IDA,1,108-A-B,-58.800245082850637,-27.496097434442067
460,IDA,1,108-A-B,-58.799609902249358,-27.494270850042078
461,IDA,2,108-A-B 108-C,-58.794200138134748,-27.508663667440977
462,IDA,1,108-A-B,-58.799365988848955,-27.492765460242122
463,IDA,3,108-A-B 102-B 110-B,-58.8010795013532,-27.491399042442318
464,IDA,3,108-A-B 102-B 110-B,-58.803166762858226,-27.490826055542538
465,IDA,3,108-A-B 102-B 110-B,-58.805518808763956,-27.489740682842818
466,IDA,3,108-A-B 102-B 110-B,-58.807467768868932,-27.486744823043111
467,IDA,3,108-A-B 102-B 110-B,-58.809761811974376,-27.486774914043327
468,IDA,3,108-A-B 102-B 110-B,-58.812337151680474,-27.487049421443572
469,IDA,3,108-A-B 102-B 110-B,-58.814707637786128,-27.486872395643797
470,IDA,2,108-A-B 108-C,-58.795574602638055,-27.508520923641139
471,IDA,3,108-A-B 102-B 110-B,-58.815879343988918,-27.486790923543936
483,IDA,1,104-A 108-A-B,-58.825296998913977,-27.464051993645679
484,IDA,1,108-A-B,-58.826404835116712,-27.463238278545816
485,IDA,1,108-A-B,-58.829074890323263,-27.46140415044616
486,IDA,1,108-A-B,-58.832197149330725,-27.461085638146447
487,IDA,8,108-A-B 106-A 106-B 106-C 105-C-PERICHON 103-A 103-B 103-C-ESPERANZA-PUERTO,-58.834657573136546,-27.461063509946676
488,IDA,2,108-A-B 108-C,-58.797769403943512,-27.506457047641433
502,VUELTA,1,108-A-B,-58.847231589667466,-27.475743211628298
503,VUELTA,1,108-A-B,-58.844699344658615,-27.476143894847066
504,IDA,2,108-A-B 108-C,-58.79971417314821,-27.505803594441634
505,VUELTA,1,108-A-B,-58.843439376955587,-27.47629057814693
506,VUELTA,1,108-A-B,-58.840745768549169,-27.476657873146667
507,VUELTA,1,108-A-B,-58.838171350843012,-27.477025419546404
508,VUELTA,1,108-A-B,-58.837113806040215,-27.479465391646212
509,VUELTA,1,108-A-B,-58.836540400039148,-27.47693422444625
510,VUELTA,1,108-A-B,-58.836802334539946,-27.475491028346326
513,IDA,2,108-A-B 108-C,-58.800781021750772,-27.505694378241738
515,VUELTA,1,108-A-B,-58.829657684124648,-27.461352434146207
516,VUELTA,1,108-A-B,-58.825427589014275,-27.464203957545681
517,VUELTA,2,108-A-B 108-C,-58.821667909152374,-27.467372754665277
518,VUELTA,2,108-A-B 108-C,-58.819901148800589,-27.468941409244987
519,IDA,1,108-A-B,-58.802323459554444,-27.505603183141915
520,VUELTA,1,108-A-B,-58.813501766775687,-27.473345048124283
521,VUELTA,2,108-A-B 110-A,-58.814122329486082,-27.475663863244183
522,VUELTA,2,108-A-B 110-A,-58.814726748487239,-27.478057650944162
523,VUELTA,3,108-A-B 102-B 110-B,-58.815964252689106,-27.486948168043931
524,IDA,2,103-C-ESPERANZA-MONTAÃ‘A 103-C-ESPERANZA-PUERTO,-58.789524544919416,-27.543129969539233
525,IDA,2,103-C-ESPERANZA-MONTAÃ‘A 103-C-ESPERANZA-PUERTO,-58.789979514620669,-27.541723067039349
526,IDA,2,103-C-ESPERANZA-MONTAÃ‘A 103-C-ESPERANZA-PUERTO,-58.790498941122443,-27.537319550439548
527,IDA,2,103-C-ESPERANZA-MONTAÃ‘A 103-C-ESPERANZA-PUERTO,-58.790629615022915,-27.536142898839618
528,IDA,2,103-C-ESPERANZA-MONTAÃ‘A 103-C-ESPERANZA-PUERTO,-58.790710835623187,-27.535267660539667
529,IDA,2,103-C-ESPERANZA-MONTAÃ‘A 103-C-ESPERANZA-PUERTO,-58.79087009182372,-27.534004172439719
530,IDA,2,103-C-ESPERANZA-MONTAÃ‘A 103-C-ESPERANZA-PUERTO,-58.791081651024449,-27.532326450639818
531,IDA,2,103-C-ESPERANZA-MONTAÃ‘A 103-C-ESPERANZA-PUERTO,-58.791187095324844,-27.531275862939854
532,IDA,3,103-C-ESPERANZA-MONTAÃ‘A 103-C-ESPERANZA-PUERTO 103-D,-58.791433104225455,-27.530725507139891
533,IDA,2,103-C-ESPERANZA-MONTAÃ‘A 103-C-ESPERANZA-PUERTO,-58.789387416918572,-27.547310611339057
534,IDA,1,103-C-ESPERANZA-MONTAÃ‘A,-58.793414837631069,-27.523489745440369
535,IDA,1,103-B 103-C-ESPERANZA-MONTAÃ‘A,-58.792315886228486,-27.52331540184025
536,IDA,1,103-B 103-C-ESPERANZA-MONTAÃ‘A,-58.791155830925717,-27.523213226440173
537,VUELTA,1,103-B 103-C-ESPERANZA-MONTAÃ‘A,-58.790897500625164,-27.523018682440153
539,VUELTA,1,103-B 103-C-ESPERANZA-MONTAÃ‘A,-58.793248540630699,-27.523235354640352
541,IDA,2,103-C-ESPERANZA-MONTAÃ‘A 103-C-ESPERANZA-PUERTO,-58.788194336815771,-27.547173148138967
542,VUELTA,1,103-B 103-C-ESPERANZA-MONTAÃ‘A,-58.79498946193474,-27.524187119740493
551,VUELTA,2,103-C-ESPERANZA-MONTAÃ‘A 103-C-ESPERANZA-PUERTO,-58.790162156221101,-27.541772604139368
552,VUELTA,2,103-C-ESPERANZA-MONTAÃ‘A 103-C-ESPERANZA-PUERTO,-58.790353682721218,-27.544574925739266
553,VUELTA,2,103-C-ESPERANZA-MONTAÃ‘A 103-C-ESPERANZA-PUERTO,-58.790758444821883,-27.546999139839222
554,IDA,2,103-C-ESPERANZA-MONTAÃ‘A 103-C-ESPERANZA-PUERTO,-58.785989058110552,-27.546735277538755
555,IDA,2,103-C-ESPERANZA-MONTAÃ‘A 103-C-ESPERANZA-PUERTO,-58.786119732011016,-27.545636745238813
556,IDA,2,103-C-ESPERANZA-MONTAÃ‘A 103-C-ESPERANZA-PUERTO,-58.786189134111268,-27.544729739538862
557,IDA,2,103-C-ESPERANZA-MONTAÃ‘A 103-C-ESPERANZA-PUERTO,-58.7862768088116,-27.543802533438907
558,IDA,2,103-C-ESPERANZA-MONTAÃ‘A 103-C-ESPERANZA-PUERTO,-58.786633961712553,-27.542876249238958
560,IDA,2,102-A 102-C,-58.794756780339277,-27.482367709342057
562,IDA,5,102-A 102-C 102-B 104-C 104-C 108-A-B,-58.838740726597649,-27.474335341459611
563,IDA,6,102-A 102-C 102-B 104-A 104-C 104-C 108-A-B,-58.838388350998933,-27.470933558888756
565,VUELTA,5,102-A 102-B 106-A 106-B 106-C 108-A-B,-58.841483627452284,-27.465046003547183
566,VUELTA,5,102-A 102-B 106-A 106-B 106-C 108-A-B,-58.839172783521519,-27.466294142095734
569,IDA,3,102-A 101-B 101-C,-58.781317320506915,-27.48611240844059
570,VUELTA,2,102-A 106-A,-58.781879075708225,-27.48621894244064
571,VUELTA,1,102-A,-58.781756951407736,-27.487889707240555
572,VUELTA,1,102-A,-58.782027938308119,-27.48971612394055
576,IDA,1,102-A,-58.789737529027221,-27.48357101544152
577,IDA,2,105-C-250VIV 105-C-PERICHON,-58.768594094380269,-27.45733641284043
578,IDA,2,105-C-250VIV 105-C-PERICHON,-58.767107144776759,-27.457148993540283
579,IDA,3,105-B 105-C-250VIV 105-C-PERICHON 109-A 109-B-YECOHA,-58.806078822262094,-27.467467939848596
580,IDA,3,105-C-250VIV 105-B 105-C-PERICHON 109-A 109-B-YECOHA,-58.808126931712096,-27.467074363861762
581,IDA,3,105-C-250VIV 105-B 105-C-PERICHON 109-A 109-B-YECOHA 104-C,-58.810849614987696,-27.467243545592812
582,IDA,2,105-C-250VIV 105-C-PERICHON,-58.766476658075163,-27.457921804940177
583,IDA,2,105-C-250VIV 105-C-PERICHON,-58.768423941779751,-27.458146859040383
584,VUELTA,2,105-C-250VIV 105-C-PERICHON,-58.822767927307311,-27.469670970145224
586,VUELTA,2,105-C-250VIV 105-C-PERICHON,-58.816127824577769,-27.467417069861426
587,VUELTA,2,105-C-250VIV 105-C-PERICHON 109-A 109-B-YECOHA 104-C,-58.814124604239709,-27.467632149686871
588,VUELTA,3,105-C-250VIV 105-B 105-C-PERICHON 109-A 109-B-YECOHA,-58.810863303092177,-27.467416282743002
589,VUELTA,3,105-C-250VIV 105-C-PERICHON 105-B,-58.809155426447411,-27.467259809844744
591,VUELTA,3,105-C-250VIV 105-B 105-C-PERICHON 109-A 109-B-YECOHA,-58.807210444470662,-27.467323366643825
592,VUELTA,3,105-C-250VIV 105-B 105-C-PERICHON 109-A 109-B-YECOHA,-58.802631285151477,-27.468646551436347
607,IDA,1,105-A 105-B 110-A,-58.783891403018174,-27.444182105442426
594,VUELTA,3,105-A 105-C-250VIV 105-C-PERICHON 109-A 109-B-YECOHA,-58.774856392544208,-27.463012064932141
595,VUELTA,2,105-C-250VIV 105-C-PERICHON 109-A 109-B-YECOHA,-58.768559001113331,-27.461405626885742
596,VUELTA,1,105-C-250VIV 105-C-PERICHON,-58.767627409577685,-27.459562562540246
597,IDA,2,105-C-250VIV 105-C-PERICHON,-58.768535756380039,-27.458026830240371
598,IDA,1,105-B,-58.784290130119267,-27.442973937942526
599,IDA,1,105-B,-58.786751978923562,-27.455592809342285
600,IDA,1,105-B,-58.787187586424338,-27.45763682024225
601,IDA,1,105-B,-58.785210546919593,-27.458101764442038
602,IDA,1,105-B,-58.784048899016689,-27.459281433441877
603,IDA,1,105-B,-58.784291052217043,-27.461051859041849
604,IDA,1,105-B,-58.786823057523009,-27.46155368364207
605,IDA,1,105-B,-58.788013203925601,-27.463421423142115
606,IDA,1,105-B,-58.789224640428237,-27.465270554742148
608,IDA,1,105-B,-58.81849231849737,-27.467849498744897
610,IDA,1,105-B,-58.818721479697757,-27.469342315644859
612,IDA,1,105-B,-58.781649663012196,-27.449597485441981
618,VUELTA,1,105-B,-58.786667908422608,-27.461679663642037
619,VUELTA,1,105-B,-58.784860686318382,-27.461099468241883
620,VUELTA,1,105-B,-58.784534546417831,-27.459327701541927
621,VUELTA,1,105-B,-58.786778549623222,-27.458838785142177
622,VUELTA,1,105-B,-58.787091865124083,-27.457955332542223
623,VUELTA,1,105-B,-58.786690958723383,-27.455818366342282
624,IDA,1,105-B,-58.784687264719196,-27.45107479594224
625,VUELTA,1,105-B,-58.786247556022602,-27.453507140342303
626,VUELTA,1,105-B,-58.785283218020439,-27.452635422442242
627,VUELTA,1,105-B,-58.784643846519089,-27.451171355442241
628,VUELTA,1,105-B,-58.783431404216259,-27.450784111542152
633,IDA,1,105-B,-58.785144413720147,-27.452267205442251
634,IDA,1,105-B,-58.786392479122945,-27.453466069042335
635,IDA,1,104-B,-58.841515311048198,-27.500436242745849
636,IDA,1,104-B,-58.846371618160696,-27.49234904734659
637,IDA,2,104-B 110-B,-58.847346182063035,-27.492178727046706
638,IDA,1,104-B,-58.849547437468296,-27.491799110646912
639,IDA,2,104-B 110-B,-58.851433952372844,-27.491240540647095
640,IDA,1,104-B,-58.851556747273278,-27.489944866047171
641,IDA,2,104-B 110-B,-58.851663197473769,-27.48808752014725
642,IDA,1,104-B,-58.850553684971267,-27.486704673747209
643,IDA,1,104-B,-58.850264928370734,-27.485535230647208
644,IDA,1,104-B 104-A,-58.849801828169859,-27.483723649847249
645,IDA,1,104-B,-58.849285670668785,-27.482419341947239
646,IDA,1,104-B,-58.841516039048514,-27.499498498939353
647,IDA,1,104-B,-58.849039577968306,-27.481330784147268
648,IDA,1,104-B,-58.848871939868062,-27.480119934447284
649,IDA,1,104-B,-58.848707235467806,-27.478977145747326
650,IDA,1,104-B,-58.848552421767558,-27.477789681547357
651,IDA,1,104-B,-58.84837698846728,-27.476622836747381
652,IDA,1,104-B,-58.848237429767046,-27.4757164177474
609,IDA,1,105-A 105-B 110-A,-58.782905355915524,-27.446654347842252
654,IDA,1,104-B,-58.843470138555887,-27.474567929346996
655,IDA,1,104-B 104-A 110-A,-58.844583674358638,-27.47359336554717
656,IDA,1,104-B,-58.845953696461919,-27.473449532047287
657,IDA,1,104-B,-58.841306753299087,-27.497498924239057
658,IDA,1,104-B,-58.845840456961774,-27.4723476470473
659,IDA,1,104-B,-58.845762672861703,-27.471440138447349
660,IDA,1,104-B,-58.845571900761527,-27.468898661547435
661,IDA,1,104-B,-58.845504845561464,-27.468120653247443
662,IDA,1,104-B,-58.843141065055875,-27.468125766247205
663,IDA,1,104-B,-58.841889730652866,-27.468231210647104
664,IDA,1,104-B,-58.841233897960045,-27.496825038042228
611,IDA,1,105-A 105-B,-58.782195073413625,-27.448317233542085
632,VUELTA,1,105-A 105-B 110-A,-58.783715718317744,-27.444199875142424
667,VUELTA,1,104-B 108-A-B,-58.840855487650288,-27.469345333146972
668,VUELTA,1,104-B 108-A-B,-58.843271152156042,-27.469143748447177
669,IDA,1,104-B,-58.841144230634654,-27.495930858491253
670,VUELTA,1,104-B 108-A-B,-58.845447178061235,-27.468959514147414
671,VUELTA,1,104-B 108-A-B,-58.846791216264407,-27.468995723947533
672,VUELTA,1,104-B,-58.847187847865108,-27.47113797084749
673,VUELTA,1,104-B,-58.84733763246529,-27.472521990647447
674,VUELTA,1,104-B,-58.847086845964398,-27.475239236047308
675,VUELTA,1,104-B,-58.8471358666241,-27.475891069274972
676,VUELTA,1,104-B,-58.847302260864701,-27.476792151247281
677,VUELTA,1,104-B,-58.847457158464927,-27.477971233547247
678,VUELTA,1,104-B,-58.84764843346526,-27.479127349447229
679,VUELTA,1,104-B,-58.847795954965477,-27.480316909147206
680,IDA,1,104-B,-58.84097543274757,-27.494989933545984
681,VUELTA,1,104-B,-58.847946577765711,-27.481463804947165
682,VUELTA,1,104-B,-58.848110443965943,-27.482610868447122
683,VUELTA,1,104-B,-58.848257211066183,-27.483506390947095
684,VUELTA,2,104-B 110-A,-58.849985056670278,-27.483700180547256
685,VUELTA,2,104-B 110-A 104-A,-58.850433823671146,-27.485410340247249
686,VUELTA,1,104-B 104-A,-58.850706654671647,-27.486697381447208
689,VUELTA,2,104-B 110-B,-58.851590191073214,-27.491271805147136
690,VUELTA,2,104-B 110-B,-58.849491362568159,-27.491906734346923
692,VUELTA,1,104-B 104-A,-58.846524839361052,-27.492461616246601
693,VUELTA,2,104-B 110-B 104-A,-58.844786684056878,-27.492788845746446
694,VUELTA,2,104-B 110-B 104-A,-58.842757844452017,-27.493167875446247
695,VUELTA,2,104-B 110-B,-58.841084894739318,-27.493449542792618
696,VUELTA,1,104-B,-58.841205013048125,-27.495003596046018
697,VUELTA,1,104-B,-58.841287574748193,-27.495915211845986
698,VUELTA,1,104-B,-58.841394863148338,-27.49684065774597
699,VUELTA,1,104-B,-58.841452362948409,-27.497494865345939
700,VUELTA,1,104-B,-58.841608350248649,-27.498607311545925
701,IDA,2,104-B 110-B,-58.842731609051974,-27.492994956746237
702,VUELTA,1,104-B,-58.841643645321874,-27.499480925370602
703,VUELTA,1,104-B,-58.841672279495604,-27.50037365653737
704,IDA,2,104-B 110-B,-58.844934457057242,-27.492616849146454
705,VUELTA,3,103-B 103-D 103-C-ESPERANZA-PUERTO 110-B,-58.821750954753313,-27.488379817892305
706,IDA,2,109-B-YECOHA 109-A,-58.832269652729671,-27.471353218046065
707,IDA,2,109-B-YECOHA 109-A,-58.828457144120563,-27.471766110645689
708,IDA,2,109-B-YECOHA 109-A,-58.825865292014399,-27.472028967145448
709,IDA,2,109-B-YECOHA 109-A,-58.823479634708711,-27.472238430845206
710,IDA,2,109-B-YECOHA 109-A,-58.82294168420762,-27.470522655245215
711,IDA,2,109-B-YECOHA 109-A,-58.822682934807219,-27.468670925245245
712,IDA,1,109-B-YECOHA,-58.749943018737206,-27.447934599738907
713,IDA,1,109-B-YECOHA,-58.74481421602551,-27.443992255338518
714,IDA,1,109-B-YECOHA,-58.743391052622286,-27.442952228838415
715,IDA,1,109-B-YECOHA,-58.741161214917199,-27.441295294238259
716,IDA,1,109-B-YECOHA,-58.735265384203821,-27.436787171437818
717,IDA,1,109-B-YECOHA,-58.725398375381374,-27.429470105237066
718,IDA,1,109-B-YECOHA,-58.719444122867486,-27.42746079533654
719,IDA,1,109-B-YECOHA,-58.717825409763719,-27.427034827036376
720,IDA,1,109-B-YECOHA,-58.716600562160714,-27.427841752836216
721,VUELTA,1,109-B-YECOHA,-58.716446167560349,-27.427802274136216
722,VUELTA,1,109-B-YECOHA,-58.717884250663893,-27.426818573936401
723,VUELTA,1,109-B-YECOHA,-58.719487205867615,-27.427279411036547
724,VUELTA,1,109-B-YECOHA,-58.725475908081563,-27.429235663337089
725,VUELTA,1,109-B-YECOHA,-58.735358842404054,-27.436537223037824
726,VUELTA,1,109-B-YECOHA,-58.741377216617742,-27.441143497938292
727,VUELTA,1,109-B-YECOHA,-58.743526755622639,-27.442749973538447
728,VUELTA,1,109-B-YECOHA,-58.744853610925666,-27.443737026438541
729,VUELTA,1,109-B-YECOHA,-58.750767881839117,-27.448148002938972
730,IDA,1,106-B,-58.791161614428155,-27.5035973937409
731,IDA,1,106-B,-58.790240610826892,-27.495941782441104
732,IDA,1,106-B,-58.791192040729271,-27.495107699341222
733,IDA,1,106-B,-58.792499869032383,-27.494945341841369
734,IDA,1,106-B,-58.793414167034562,-27.494829168641449
735,IDA,1,106-B,-58.796002498740933,-27.493056647541774
736,IDA,1,106-B,-58.79580896064062,-27.491890641041788
737,IDA,1,106-B,-58.795646184040393,-27.490714492341827
738,IDA,1,106-B,-58.795459099940089,-27.489547480041836
739,IDA,3,106-B 106-C 106-A,-58.795521293740428,-27.487923905341916
740,IDA,1,106-B,-58.792785524332032,-27.503479795641059
741,VUELTA,1,106-B,-58.796410927656645,-27.487000186353832
742,IDA,1,106-B,-58.796477836542948,-27.485845612442084
743,IDA,1,106-B,-58.796345234742752,-27.484845483742124
744,IDA,1,106-B,-58.796241969742681,-27.483434809442151
745,IDA,1,106-B,-58.795779288641747,-27.482098063542164
746,IDA,1,106-B,-58.792785859632154,-27.502336168741103
747,IDA,1,106-B,-58.792706399132115,-27.501148453041154
748,IDA,1,106-B,-58.791183239728575,-27.500627182541027
749,IDA,1,106-B,-58.790730114027596,-27.499671310341011
750,VUELTA,1,106-B,-58.799695397650943,-27.482845729342522
751,VUELTA,1,106-B,-58.799820707151099,-27.484169483342487
753,VUELTA,1,106-B,-58.79882024314854,-27.485510420142337
754,VUELTA,1,106-B,-58.79671219454351,-27.485780652742108
755,IDA,1,106-B,-58.796337778786345,-27.486797069826434
756,IDA,1,106-B,-58.796405838657989,-27.48776853235271
757,VUELTA,3,106-B 106-C 110-B,-58.795502350640334,-27.48814803744191
758,VUELTA,1,106-B,-58.7956692343406,-27.489326784541888
759,IDA,1,106-B,-58.790489888627192,-27.498378569341014
760,VUELTA,1,106-B,-58.795872579240935,-27.490491282341857
761,VUELTA,1,106-B,-58.796046168441215,-27.49164731434184
762,VUELTA,1,106-B,-58.796246663641547,-27.492783229941807
763,VUELTA,1,106-B,-58.7964065065418,-27.493899447941782
764,VUELTA,1,106-B,-58.796552267842017,-27.494925812041739
765,VUELTA,1,106-B,-58.793578620034808,-27.496151832941404
766,VUELTA,1,106-B,-58.791812217730538,-27.496525330541232
767,VUELTA,1,106-B,-58.790497432427351,-27.497300572841052
768,VUELTA,1,106-B,-58.790688036827675,-27.498380916341048
769,IDA,1,106-B,-58.790266091826787,-27.497193452041042
771,VUELTA,1,106-B,-58.791010572528165,-27.500491898640995
772,VUELTA,1,106-B,-58.792915779132599,-27.501238558541168
773,VUELTA,1,106-B,-58.792994066032655,-27.50235771024111
774,VUELTA,1,106-B,-58.792996748232518,-27.503498571141055
775,VUELTA,1,106-B,-58.79124115862831,-27.503706358440898
776,IDA,6,106-B 106-A 106-C 105-C-PERICHON 103-B 103-A,-58.832489170077174,-27.463203747552836
777,IDA,3,106-B 106-C 106-A,-58.833236211781802,-27.46987963924779
778,VUELTA,1,105-C-PERICHON,-58.745962872030994,-27.422441544139442
779,VUELTA,1,105-C-PERICHON,-58.746288760431476,-27.424597788739394
780,VUELTA,1,105-C-PERICHON,-58.745132225430105,-27.413850177139697
781,VUELTA,1,105-C-PERICHON,-58.747831282036728,-27.412090228940038
782,IDA,1,105-C-PERICHON,-58.752259273846327,-27.418999850840212
783,VUELTA,2,105-C-PERICHON 105-C-250VIV 109-A 109-B-YECOHA,-58.821490944404616,-27.466947186845214
784,IDA,1,105-C-PERICHON,-58.746471234431915,-27.424604913339415
785,VUELTA,1,105-C-PERICHON,-58.750295980638093,-27.447513241438937
786,IDA,1,105-C-PERICHON,-58.749452593536645,-27.442926999239038
787,VUELTA,1,105-C-PERICHON,-58.749225946936164,-27.442657940239005
788,IDA,1,105-C-PERICHON,-58.750382984838296,-27.447555653838933
789,VUELTA,1,105-C-PERICHON,-58.7686640660094,-27.457322321677676
790,VUELTA,1,105-C-PERICHON,-58.767110241897399,-27.457092871510692
791,VUELTA,1,105-C-PERICHON,-58.766297067294502,-27.457930537266826
792,VUELTA,1,105-C-PERICHON,-58.768586128927616,-27.458028984214611
793,VUELTA,1,104-C,-58.83830940074089,-27.497798374045622
794,VUELTA,2,104-C 103-A,-58.830330415621297,-27.503308050444698
795,VUELTA,2,104-C 104-D,-58.825826651415561,-27.461368192145855
796,VUELTA,2,104-C 104-D,-58.829964294125233,-27.462589267746186
797,VUELTA,2,104-C 104-D,-58.830061440425368,-27.463525023446156
798,VUELTA,2,104-C 103-A,-58.828756964817529,-27.503494380144527
799,VUELTA,10,104-C 105-C-250VIV 105-A 105-B 105-C-PERICHON 104-B 108-C 104-D 104-A 108-A-B,-58.839279829058412,-27.467593800053212
800,VUELTA,4,104-C 104-D 104-A 110-A,-58.83954765934687,-27.472011365146731
801,VUELTA,4,104-C 104-A 104-D 110-A,-58.839679841946953,-27.473973820146664
802,VUELTA,2,104-C 104-D,-58.837883013342434,-27.476115731646424
803,VUELTA,3,104-C 104-D 108-A-B,-58.838440577543409,-27.479179233446366
804,VUELTA,2,104-C 104-D,-58.838907701044178,-27.481905615046273
805,VUELTA,2,104-C 104-D,-58.839259070344823,-27.48379229764625
806,VUELTA,1,104-C,-58.838219714342031,-27.486313574146063
807,VUELTA,1,104-C,-58.838237651641883,-27.487927090446028
808,VUELTA,1,104-C,-58.838251817041758,-27.489333070945968
809,VUELTA,1,104-C,-58.838279812641602,-27.491295274445886
810,VUELTA,1,104-C,-58.838194149541131,-27.493459900945812
811,VUELTA,1,104-C,-58.838271430741131,-27.494983563345745
812,VUELTA,1,104-C,-58.838279896441009,-27.4962600433457
813,VUELTA,2,104-C 103-A,-58.826337863711451,-27.506213218044184
814,VUELTA,2,104-C 103-A,-58.826407433511484,-27.507441669844152
815,VUELTA,2,104-C 103-A,-58.826446660811463,-27.508310705544133
816,VUELTA,2,104-C 103-A,-58.826528971054046,-27.509371509979086
817,VUELTA,1,104-C,-58.828492012816156,-27.509684164144282
818,VUELTA,1,104-C,-58.835518646034195,-27.498314028745352
819,VUELTA,1,104-C,-58.830912203521898,-27.509949283744476
820,IDA,1,104-C,-58.828478853216126,-27.509761529144267
821,IDA,1,104-C,-58.826448745813096,-27.50933972002613
822,IDA,2,104-C 103-A,-58.826301150911107,-27.508244656144111
823,IDA,2,104-C 103-A,-58.826225294711051,-27.507442927144137
824,IDA,2,104-C 103-A,-58.826068163665205,-27.505258621042227
825,VUELTA,1,104-C,-58.833137347428547,-27.498378234145147
826,VUELTA,1,104-C,-58.831053103323555,-27.498627176644931
827,IDA,2,104-C 110-B,-58.833890461430613,-27.495944380845309
828,IDA,2,104-C 110-B,-58.835196026633753,-27.495764002345432
829,IDA,1,104-C,-58.836028181935731,-27.495640620745512
830,IDA,1,104-C,-58.837071226038219,-27.495512293745598
831,IDA,2,104-C 110-B,-58.837988290040407,-27.495396455845697
832,VUELTA,2,104-C 103-A,-58.831228536523788,-27.500153353544896
833,IDA,2,104-C 104-A,-58.83799055314072,-27.492824049745799
834,IDA,1,104-C,-58.838025254240904,-27.492006227445831
835,IDA,2,104-C 104-A,-58.83802190144123,-27.489237349545913
836,IDA,1,104-C,-58.838015112141363,-27.487931197645985
837,IDA,1,104-C,-58.838027601141526,-27.486705260446033
838,VUELTA,2,104-C 103-A,-58.83139131312403,-27.501324221644847
839,IDA,3,104-C 104-A 104-D,-58.822927854008881,-27.459600113445614
840,IDA,3,104-C 104-A 104-D,-58.820494084603112,-27.459770433745394
841,IDA,2,104-C 104-A 104-D,-58.81919229119999,-27.459881996845276
843,IDA,1,104-C 104-D,-58.819473923200007,-27.465440372145089
844,VUELTA,1,104-C,-58.833150590828033,-27.502819720744963
846,IDA,1,104-C,-58.811980669381967,-27.467490753244277
847,IDA,1,104-C,-58.808779285274419,-27.467035532143996
848,IDA,1,104-C,-58.807860293372435,-27.465346494843963
849,IDA,1,104-C,-58.807105083870638,-27.46548286834388
850,IDA,1,104-C,-58.806471076769093,-27.465696523043828
851,IDA,1,104-C,-58.805911836167873,-27.465020522543799
852,VUELTA,1,104-C,-58.806726724769852,-27.464435381943893
853,VUELTA,1,104-C,-58.834455736931176,-27.502637498145095
854,VUELTA,1,104-C,-58.807471875971508,-27.465507594943922
855,VUELTA,1,104-C,-58.808266731873211,-27.466978702843935
857,VUELTA,2,104-C 104-D,-58.817928970796324,-27.465523604444911
858,IDA,1,106-A,-58.832983745634643,-27.467529574481976
859,IDA,1,106-C,-58.776200084791242,-27.514390686639025
860,IDA,1,106-C,-58.783119848807743,-27.514017691939699
861,VUELTA,1,106-C,-58.784939979114135,-27.497224297440546
862,VUELTA,1,106-C,-58.78504299271416,-27.499007798840449
863,VUELTA,1,106-C,-58.785247678814521,-27.500166010240445
864,VUELTA,1,106-C,-58.785466865514898,-27.501262614640435
865,VUELTA,1,106-C,-58.785732152815378,-27.502674462340391
866,VUELTA,1,106-C,-58.785747659315241,-27.503946080940352
867,VUELTA,1,106-C,-58.784959693826352,-27.510181395288342
868,VUELTA,1,106-C,-58.785062103412756,-27.510844890140017
869,VUELTA,1,106-C,-58.784886167312216,-27.511799002139991
870,VUELTA,1,106-C,-58.783469122708773,-27.512580866139807
871,VUELTA,1,106-C,-58.78328891180815,-27.513975698639726
872,VUELTA,1,106-C,-58.784657006011123,-27.51623604643979
873,VUELTA,1,106-C,-58.781350010003038,-27.51815290383939
874,VUELTA,1,106-C,-58.779156801197679,-27.519217657039142
875,VUELTA,1,106-C,-58.778428497596053,-27.518432105039071
876,IDA,1,106-C,-58.78349301120884,-27.512411384039819
877,VUELTA,1,106-C,-58.777755933694571,-27.517386965539053
878,VUELTA,1,106-C,-58.777114466693163,-27.516337048339025
879,VUELTA,1,106-C,-58.776452882991748,-27.515287131139004
880,VUELTA,1,106-C,-58.775772020990253,-27.514180803738995
881,IDA,1,106-C,-58.784912235012406,-27.510758053640004
882,IDA,1,106-C 106-A,-58.785484467514429,-27.505443759340274
883,IDA,1,106-C,-58.785561245814755,-27.50419795714032
884,IDA,1,106-C,-58.785553199114901,-27.502851991040366
885,IDA,1,106-C,-58.785285481114428,-27.501478700040391
886,IDA,1,106-C,-58.785097307414119,-27.500406822340434
887,IDA,1,106-C,-58.784797067613638,-27.498611921540462
888,IDA,1,106-C,-58.78480620391381,-27.497409369940492
889,IDA,1,106-C,-58.784669076013564,-27.49665935724051
890,IDA,1,106-C,-58.784567235913421,-27.49595661844052
891,IDA,1,106-C,-58.785544733415854,-27.494888680140686
892,IDA,1,106-C,-58.785373155915629,-27.493490159640707
893,IDA,1,106-C,-58.785084399315139,-27.491877565240728
894,IDA,1,106-C,-58.779045657097441,-27.519071644239116
895,IDA,2,106-C 110-B,-58.792646636133533,-27.488392537541621
896,IDA,2,106-C 106-A,-58.797828999245937,-27.487647889242151
897,IDA,1,106-C,-58.799677711850364,-27.487446220742338
898,IDA,1,106-C,-58.801585768254917,-27.487175988142525
899,IDA,1,106-C,-58.80402439926074,-27.486812213542798
900,IDA,1,106-C,-58.806505693966692,-27.486496383443047
901,IDA,1,106-C,-58.781065025301793,-27.522687848739189
902,IDA,1,106-C,-58.807095947668195,-27.485603207843116
903,IDA,1,106-C,-58.806589932167519,-27.481198350043247
904,IDA,1,106-C,-58.780395227400341,-27.521615384239166
905,IDA,1,106-C,-58.779753425098932,-27.520575860639152
906,VUELTA,5,106-C 106-B 106-A 102-A 102-B 108-A-B,-58.841343335598665,-27.462577022707723
907,VUELTA,1,106-C,-58.807849564570603,-27.480441380443391
908,VUELTA,1,106-C,-58.808093310271019,-27.481889354143366
909,VUELTA,1,106-C,-58.808246615271131,-27.483964294343284
910,VUELTA,1,106-C,-58.808298666971091,-27.485291568643255
911,VUELTA,1,106-C,-58.805941927165328,-27.486716408342986
912,VUELTA,1,106-C,-58.804056669560794,-27.487023269842794
913,VUELTA,1,106-C,-58.801596748554914,-27.487340441042523
914,VUELTA,1,106-C,-58.799625995550215,-27.487613104442342
915,VUELTA,1,106-C,-58.797846182145953,-27.487823406342159
916,VUELTA,2,106-C 110-B,-58.792388808832904,-27.488656148441578
917,VUELTA,2,106-C 110-B 102-A,-58.785839273517162,-27.490009741940881
918,VUELTA,1,106-C,-58.785244074515553,-27.491596436240769
919,VUELTA,1,106-C,-58.785535261916017,-27.493372226240737
920,VUELTA,1,106-C,-58.785717819716275,-27.494905108740696
921,VUELTA,1,106-C,-58.784806203913988,-27.495889144140573
928,VUELTA,14,106-C 106-B 106-A 102-A 102-B 103-D 103-C-ESPERANZA-PUERTO 103-A 103-B 105-C-250VIV 105-C-PERICHON 101-B 101-C 110-A 108-A-B 105-A 105-B,-58.838515508811078,-27.461517607228032
937,IDA,1,104-A,-58.844570766257078,-27.486658489446654
938,IDA,1,104-A 110-A,-58.844280584756653,-27.484449355046713
942,IDA,1,104-A 110-A,-58.843030675354761,-27.475274356146926
943,IDA,1,104-A 110-A,-58.841119769279643,-27.474601309132691
944,IDA,1,104-A,-58.824861056213074,-27.463007524745674
945,IDA,1,104-A,-58.824652933512738,-27.461605232345711
946,IDA,1,104-A,-58.82459291911281,-27.459719052645781
947,IDA,3,104-A 104-C 104-D,-58.819278876300011,-27.461450921445199
948,VUELTA,1,104-A 104-C 104-D,-58.819374932899905,-27.464247292045116
949,VUELTA,1,104-A,-58.820822403803334,-27.464267911545253
950,VUELTA,1,104-A,-58.822140709506463,-27.464278137445362
951,VUELTA,1,104-A,-58.823588850909907,-27.464251315345514
952,VUELTA,2,104-A 110-A,-58.842028451152544,-27.473870722646893
954,VUELTA,2,104-A 110-A,-58.844570179558438,-27.47488945924708
955,VUELTA,1,104-A,-58.844728178358572,-27.477143520647033
956,VUELTA,1,104-A,-58.845085415159112,-27.479702012746955
957,VUELTA,1,104-A,-58.84536084445952,-27.481739737246912
958,IDA,1,104-A,-58.83832096774146,-27.4933119603458
959,IDA,1,104-A,-58.838541160342487,-27.48898614394599
960,IDA,1,101-B 101-C,-58.840598088644477,-27.468543312057179
964,VUELTA,2,104-D 103-A,-58.833620396430284,-27.493353283145368
965,IDA,1,104-D,-58.826523774313273,-27.494656752944646
966,IDA,1,104-D 103-A,-58.826177182612682,-27.492746014244677
967,IDA,2,104-D 110-A,-58.825775857111957,-27.490705104644732
968,IDA,1,104-D,-58.826917671587978,-27.490375027218164
969,IDA,1,104-D,-58.829136685348999,-27.490131571519985
970,IDA,1,104-D,-58.830635746733819,-27.490001915471598
972,IDA,2,104-D 103-A,-58.830687736223943,-27.488015100445292
973,IDA,1,104-D,-58.831365245425843,-27.485501954445446
975,IDA,1,103-A,-58.831872018010174,-27.493622226171695
976,IDA,1,104-D,-58.83404175473212,-27.486279962745694
978,IDA,1,104-D,-58.836263797237478,-27.485493907845918
979,IDA,2,104-D 104-C,-58.837500379440584,-27.484009053646076
980,IDA,2,104-D 104-C,-58.837198714740147,-27.481665557346147
981,IDA,2,104-D 104-C,-58.836925883839754,-27.479635879546201
982,IDA,1,104-D,-58.829899418221366,-27.494028277844979
983,IDA,3,104-D 104-A 104-C,-58.82990377682524,-27.461301891246215
984,IDA,2,104-D 104-C,-58.827188543018764,-27.461510684445972
985,IDA,2,104-D 104-C,-58.827179071518891,-27.460321460046
986,VUELTA,2,104-D 104-C,-58.825602351715261,-27.459423255245891
987,IDA,1,104-D 103-A 110-B,-58.826752935513838,-27.494471009944679
988,IDA,3,104-D 104-A 104-C,-58.819321235852705,-27.462933022712818
989,VUELTA,2,104-D 104-C,-58.817951098996517,-27.464273778844962
990,VUELTA,2,104-D 104-C,-58.817896448996535,-27.463084973545008
992,VUELTA,2,104-D 104-C,-58.817851941096599,-27.461833220045058
993,IDA,1,104-D,-58.825090720309689,-27.49607924564447
994,IDA,1,104-D,-58.825319462410086,-27.497346170344425
996,VUELTA,1,104-D,-58.835341620335278,-27.48572390724582
997,VUELTA,1,104-D,-58.834231269532623,-27.485790208045717
998,VUELTA,1,104-D,-58.833182525829478,-27.491289490945398
999,VUELTA,1,104-D,-58.833391151429879,-27.492205297645381
1000,IDA,1,104-D,-58.826999195814118,-27.496990610044605
1001,IDA,1,104-D,-58.826803394613783,-27.49588453404462
1002,IDA,7,103-C-ESPERANZA-PUERTO 103-B 103-A 106-A 105-C-PERICHON 106-B 106-C,-58.832713488128803,-27.464899808752836
1004,IDA,1,103-A,-58.826227390211109,-27.506907826444159
1013,IDA,2,103-A 104-C,-58.831227782223436,-27.503094311944775
1014,IDA,2,103-A 104-C,-58.831214203523601,-27.501456823344835
1015,IDA,2,109-A 109-B-YECOHA 103-A,-58.815911081816914,-27.508446344892583
1016,IDA,2,103-A 104-C,-58.830860151923083,-27.498848877944916
1017,IDA,1,103-A,-58.829900675420802,-27.49879934094481
1018,IDA,1,103-A,-58.828997525418622,-27.498918112444713
1019,IDA,2,103-A 104-C,-58.827703359515546,-27.499084912344593
1020,IDA,2,103-A 104-C,-58.825503277610323,-27.499002099144377
1022,IDA,3,103-A 104-C 110-B,-58.827435976815124,-27.497121451544647
1023,IDA,2,103-A 104-C,-58.828637438818006,-27.496908048244748
1024,IDA,2,109-A 109-B-YECOHA 103-A,-58.817566466197867,-27.508645005725434
1025,IDA,3,103-A 104-C 110-B,-58.829583588120293,-27.496754659444861
1026,IDA,2,103-A 104-C,-58.830507190022495,-27.496597834044952
1027,IDA,3,103-A 104-C 110-B,-58.832227743226618,-27.496282590645123
1028,IDA,1,103-A,-58.831630281225664,-27.492566892945213
1029,IDA,1,103-A,-58.831261561224984,-27.490930913145235
1030,IDA,1,103-A,-58.830771454862436,-27.489766200434122
1032,IDA,1,103-A,-58.83100038112503,-27.484974900345438
1033,IDA,1,103-A,-58.830757892724726,-27.482924351545481
1034,IDA,1,103-A,-58.830456479424321,-27.480024548345565
1035,IDA,1,103-A,-58.830272999624086,-27.478464424745628
1036,VUELTA,5,103-A 103-B 103-C-ESPERANZA-PUERTO 103-D 101-B 101-C,-58.839090578251628,-27.466163584855867
1037,VUELTA,1,103-A,-58.831492398927182,-27.476816291145781
1038,VUELTA,1,103-A,-58.831801355827658,-27.479060797145731
1039,VUELTA,1,103-A,-58.832113665528126,-27.481368586545685
1040,VUELTA,1,103-A,-58.832403344128537,-27.483625497745646
1041,VUELTA,2,103-A 104-D,-58.832540220628623,-27.48574502964555
1042,VUELTA,1,103-A,-58.832648933928695,-27.487153859945497
1043,VUELTA,2,103-A 104-D,-58.832852865629071,-27.488162286645483
1044,VUELTA,1,103-A,-58.833186465329568,-27.49067509744544
1045,IDA,1,103-A 109-A 109-B-YECOHA,-58.826252629547142,-27.509479406533089
1047,VUELTA,2,103-A 110-B,-58.829078746019391,-27.494150569744885
1050,VUELTA,1,103-A,-58.824960214109801,-27.49252758184458
1051,VUELTA,1,103-A,-58.82464421630899,-27.493053630144527
1052,VUELTA,1,103-A,-58.824894369925985,-27.49486566896551
1053,VUELTA,1,103-A,-58.82503033530346,-27.495601264038388
1054,VUELTA,2,103-A 110-B 104-C,-58.825455165510412,-27.497312894244445
1055,VUELTA,2,103-A 110-B,-58.825754147910907,-27.499189183244397
1056,VUELTA,1,103-A,-58.827700593515544,-27.498940073044601
1057,VUELTA,1,103-A,-58.828964919818581,-27.498798167444729
1058,VUELTA,1,103-A,-58.829883324920772,-27.498726921244813
1059,VUELTA,1,103-A,-58.830813380922976,-27.498580070344907
1060,VUELTA,2,103-A 104-C,-58.831534392224185,-27.502978306344815
1061,VUELTA,2,103-A 104-C,-58.827928246015553,-27.503608876944444
1062,VUELTA,2,103-A 104-C,-58.82641849761194,-27.503803253244289
1063,VUELTA,2,103-A 104-C,-58.826331577311564,-27.505225075544224
1064,IDA,7,103-A 103-C-ESPERANZA-PUERTO 103-B 105-C-PERICHON 106-A 106-B 106-C,-58.832310416720951,-27.461395437035737
1065,IDA,1,103-A,-58.829383017516847,-27.470050662499077
1066,IDA,2,103-C-ESPERANZA-PUERTO 103-C-ESPERANZA-MONTAÃ‘A,-58.790662807321588,-27.547400297739181
1067,VUELTA,1,103-C-ESPERANZA-PUERTO,-58.795492124635565,-27.527188344040425
1069,IDA,1,106-A,-58.787380705518935,-27.505328843440473
1070,IDA,1,106-A,-58.778689929198734,-27.501739880139745
1071,IDA,1,106-A,-58.775568089291426,-27.500711253039462
1072,IDA,1,106-A,-58.777045651195493,-27.496338917039775
1073,IDA,1,106-A,-58.777844614197619,-27.494458520939922
1074,IDA,1,106-A,-58.7917551369314,-27.488611137641541
1075,IDA,1,106-A,-58.785815804215211,-27.50554501274031
1076,IDA,1,106-A,-58.799170439049256,-27.48662118994233
1077,IDA,1,106-A,-58.798983606448921,-27.485576301942352
1078,IDA,1,106-A,-58.798564762748207,-27.483381752042373
1079,IDA,1,106-A,-58.783903975910619,-27.505783645540102
1080,IDA,1,106-A,-58.781440450704729,-27.50613090783985
1081,IDA,1,106-A,-58.780261787501885,-27.50631262743973
1082,IDA,1,106-A,-58.779751245800853,-27.50498761623971
1103,IDA,1,102-B,-58.804197401660595,-27.491626359642627
1117,IDA,1,103-B,-58.7911229738259,-27.521211292740237
1118,IDA,1,103-B,-58.791247528926348,-27.520145282240275
1119,IDA,1,103-B,-58.791351045426687,-27.519111793640324
1120,IDA,1,103-B,-58.79148641312716,-27.517874540840403
1121,IDA,1,103-B,-58.78938523762222,-27.517618557540203
1122,IDA,1,103-B,-58.789300664221862,-27.51871164154015
1123,VUELTA,1,103-B 103-C-ESPERANZA-MONTAÑA,-58.793415508131076,-27.523489493940367
1126,IDA,1,103-B,-58.789195722821503,-27.519743370040111
1127,IDA,4,105-A 105-B 105-C-250VIV 105-C-PERICHON 109-A 109-B-YECOHA,-58.802719194433294,-27.468457382379512
1130,IDA,3,104-A 104-C 104-D 108-A-B,-58.836459896767799,-27.461743791357573
1131,VUELTA,2,106-C 110-B 102-A,-58.789493615625915,-27.489406580241276
1132,VUELTA,2,106-C 110-B 102-A,-58.787619925021453,-27.489683266841073
1133,IDA,2,106-C 106-A 102-A,-58.787777187172814,-27.48947066541789
1134,IDA,3,106-C 106-A 110-B 102-A,-58.786097122323099,-27.489763801347515
1135,VUELTA,1,106-B,-58.796514870872898,-27.487804702387056
1136,IDA,1,104-B,-58.839376493934118,-27.468460824857033
1144,VUELTA,1,108-A-B,-58.823233797513083,-27.465961189072978
1146,VUELTA,2,108-A-B 102-B 110-B,-58.816048844495803,-27.484890319302284
1147,IDA,2,108-A-B 108-C,-58.792796728427831,-27.508910234780746
1148,IDA,3,102-A 102-B 102-C,-58.838002331247054,-27.467175562775907
1149,VUELTA,1,102-A,-58.783311667287073,-27.484523666823051
1151,IDA,2,102-A 102-C,-58.787450840671177,-27.483733529460366
1152,IDA,2,102-B 108-A-B,-58.799904240856556,-27.491334765309375
1190,IDA,2,104-C 103-A,-58.831069464897489,-27.500166292257422
1191,IDA,2,104-C 104-D,-58.836612947356087,-27.477223453261782
1192,IDA,1,104-C,-58.821762506741038,-27.459679852133611
1193,VUELTA,2,104-C 104-D,-58.819041494819288,-27.461574694504836
1194,VUELTA,2,104-C 104-D,-58.829029652954397,-27.461296063351611
1195,IDA,1,104-D 103-A 110-B,-58.832109910837666,-27.493731095872253
1197,VUELTA,2,104-D 103-A,-58.832913901446936,-27.489289115810035
1198,IDA,1,105-C-PERICHON 109-A 109-B-YECOHA,-58.753445852768124,-27.450031771849392
1199,VUELTA,1,105-C-PERICHON 109-A 109-B-YECOHA,-58.753328972344889,-27.450484123139141
1200,IDA,1,105-C-PERICHON 109-A 109-B-YECOHA,-58.755497998224428,-27.451765104653443
1202,VUELTA,1,105-C-PERICHON 109-A 109-B-YECOHA,-58.757736428454926,-27.45377368493947
1204,IDA,1,105-C-PERICHON 109-A 109-B-YECOHA,-58.765096437560558,-27.459040158512455
1206,VUELTA,1,105-C-PERICHON 105-C-250VIV,-58.767807033678103,-27.459601454540245
1207,IDA,1,106-A,-58.782707795373277,-27.50596544025397
1208,IDA,1,106-A,-58.779511216744325,-27.502142918987314
1209,VUELTA,1,106-A,-58.779485926661863,-27.501857395324539
1210,IDA,2,106-A 110-B,-58.781353582490375,-27.490445831535233
1211,IDA,2,106-A 110-B 102-A,-58.783745922092734,-27.490118057433307
1212,IDA,3,106-A 106-C 110-B 102-A,-58.78938373325726,-27.489223734989693
1213,IDA,1,106-A,-58.798764680272853,-27.484286850416822
1214,VUELTA,2,102-A 106-A,-58.78991378586592,-27.483983524024023
1215,IDA,1,106-B,-58.792196725469779,-27.500484503039914
1216,VUELTA,1,106-B,-58.792244129663736,-27.500325419504293
1217,IDA,1,106-B,-58.796099663766093,-27.493989205501165
1218,VUELTA,1,106-B,-58.790448373953055,-27.496799232064888
1219,IDA,1,106-C,-58.777213814508137,-27.515992559573434
1220,IDA,1,106-C,-58.77910093814188,-27.519504437516698
1221,IDA,1,106-C,-58.781286741667607,-27.518032169087764
1222,IDA,1,106-C,-58.784450000271669,-27.516447942021465
1223,IDA,1,106-C,-58.782822724488028,-27.513522088454049
1224,VUELTA,1,106-C,-58.785748210683863,-27.505328595744043
1225,VUELTA,1,104-A 104-C 104-D 108-A-B,-58.83467175150043,-27.461230437554949
1226,VUELTA,1,104-A 104-D 104-C 108-A-B,-58.832213762043054,-27.461269235368608
1227,IDA,1,108-C,-58.800185478384954,-27.510589945417308
1228,IDA,1,108-C,-58.799240248003116,-27.510714135809376
1229,IDA,1,108-C,-58.798172955983958,-27.50981242471024
1230,IDA,1,108-C,-58.801298445847088,-27.504470853374634
1231,IDA,1,108-C,-58.802254632876519,-27.504384070603912
1232,IDA,1,108-C,-58.816749646145233,-27.490258676990347
1233,IDA,1,108-C,-58.816189826641214,-27.487097929170496
1234,VUELTA,1,108-C,-58.816512833957852,-27.487494326315581
1235,VUELTA,1,108-C,-58.8172084796051,-27.491121141557198
1236,IDA,2,109-A 109-B-YECOHA 103-A,-58.81318669777059,-27.508071346734788
1238,VUELTA,2,105-C-250VIV 105-C-PERICHON 109-A 109-B-YECOHA,-58.768505148646071,-27.461222440776897
1250,IDA,2,101-B 101-C 110-A,-58.804422144292936,-27.47312054617818
1251,IDA,2,101-B 101-C 110-A,-58.801553511599693,-27.473939350231198
1252,IDA,2,101-B 101-C 110-A,-58.798524515336318,-27.474832927102685
1253,IDA,2,101-B 101-C 110-A,-58.795938068490933,-27.475364424108314
1254,IDA,2,101-B 101-C 110-A,-58.793580615019842,-27.475791153487791
1255,IDA,2,101-B 101-C 110-A,-58.79106939856954,-27.476211426147731
1257,IDA,3,101-B 101-C 110-A,-58.788438625200861,-27.476102176480342
1258,IDA,3,101-B 101-C 110-A,-58.788159148845395,-27.474570327875249
1260,IDA,3,101-B 101-C 110-A,-58.787963565549028,-27.473181480242541
1261,IDA,2,101-B 101-C,-58.787985521200021,-27.47221625894036
1262,IDA,2,101-B 101-C,-58.787651012868075,-27.471029445904392
1264,IDA,2,101-B 101-C,-58.786451190920523,-27.477070601807174
1265,IDA,2,101-B 101-C,-58.78264873567354,-27.478343247160275
1266,IDA,2,101-B 101-C,-58.782510273090764,-27.483164006337553
1267,IDA,2,101-B 101-C,-58.779571103139261,-27.490343264818968
1268,IDA,2,101-B 101-C,-58.777628161157679,-27.494217059308774
1269,IDA,2,101-B 101-C,-58.774919604897242,-27.493634319807061
1270,IDA,2,101-B 101-C,-58.773064941272004,-27.494151493394966
1271,IDA,2,101-B 101-C,-58.773267862772769,-27.495377824353469
1272,IDA,2,101-B 101-C,-58.7723456394598,-27.496330015925764
1273,IDA,2,101-B 101-C,-58.771063853919621,-27.494255780849294
1274,IDA,2,101-B 101-C,-58.771746390830458,-27.492823859846713
1275,IDA,2,101-B 101-C,-58.771383687532918,-27.490595141988617
1276,IDA,2,101-B 101-C,-58.771038595569642,-27.488320848575128
1277,IDA,2,101-B 101-C,-58.770708123876076,-27.48627025102369
1278,IDA,2,101-B 101-C,-58.770511109495793,-27.485028724787863
1279,IDA,2,101-B 101-C,-58.770679143209151,-27.48221020321342
1280,IDA,2,101-B 101-C,-58.770601931595323,-27.480954491316201
1281,IDA,2,101-B 101-C,-58.771706779407658,-27.480476460034662
1282,IDA,2,101-B 101-C,-58.774075008073446,-27.480121336203339
1283,IDA,2,101-B 101-C,-58.775804427153666,-27.479831690516058
1284,IDA,2,101-B 101-C,-58.777784259989403,-27.4795645464317
1285,IDA,2,101-B 101-C,-58.779382643084027,-27.479273705219114
1286,VUELTA,2,101-B 101-C,-58.786503427691663,-27.477242544745334
1287,VUELTA,2,101-B 101-C,-58.788079639829853,-27.476890435533068
1288,VUELTA,2,101-B 101-C 110-A,-58.791453029863149,-27.476294784732456
1289,VUELTA,2,101-B 101-C 110-A,-58.793096463781382,-27.476044823930401
1290,VUELTA,2,101-B 101-C,-58.795739459555804,-27.475554518667867
1291,VUELTA,2,101-B 101-C 110-A,-58.799211595363147,-27.474776611229434
1292,VUELTA,2,101-B 101-C,-58.800588917497272,-27.474371831495787
1293,VUELTA,2,101-B 101-C 110-A,-58.803617886144998,-27.47347820870587
1294,VUELTA,3,101-B 101-C 110-A,-58.787797291764925,-27.4709367188531
1298,VUELTA,3,101-B 101-C 110-A,-58.788227575912266,-27.473783350303368
1300,VUELTA,3,101-B 101-C 110-A,-58.788601082393271,-27.47609342801038
1312,VUELTA,1,110-B,-58.822194386979248,-27.487510989527721
1314,VUELTA,1,110-B,-58.824098240550121,-27.485160683286587
1315,VUELTA,1,110-B,-58.80788328191916,-27.487963313453012
1316,VUELTA,1,110-B,-58.799567451213903,-27.491250665511089
1317,VUELTA,1,110-B,-58.799544585791466,-27.488117248869468
1318,VUELTA,1,110-B,-58.79848230037512,-27.487781071113282
1319,VUELTA,1,102-A 110-B,-58.783695183205538,-27.490287714436111
1320,VUELTA,1,102-A 110-B,-58.781368866870061,-27.490647606406341
1321,IDA,1,110-B,-58.795235877492829,-27.488005235147646
1322,IDA,1,110-B,-58.797788074935042,-27.488038078771826
1323,IDA,1,110-B,-58.799731321149842,-27.489180377150944
1324,IDA,1,110-B,-58.799726548983969,-27.491193099849227
1325,IDA,1,110-B,-58.820752379759632,-27.486191363065327
1328,IDA,1,110-B,-58.819945319811595,-27.491076374627106
1330,IDA,1,110-B,-58.817975628768757,-27.494316666723556
1331,IDA,1,110-B,-58.816754500429269,-27.496082144565555
1333,IDA,1,110-B,-58.817340387595955,-27.49910785857902
1334,IDA,1,110-B,-58.818729572448134,-27.499749720196146
1335,IDA,1,110-B,-58.823924927769198,-27.499877571543244
1336,IDA,1,110-B,-58.825440442095498,-27.499359394678894
1337,IDA,1,110-B,-58.83836310508233,-27.493254903583001
1338,IDA,1,110-B,-58.840610239760132,-27.493182183022238
1339,IDA,1,110-B,-58.823002707515066,-27.486401573006876
1340,VUELTA,1,VUELTA-ORIGINAL,-58.823206013016886,-27.48456137642922
1341,VUELTA,1,VUELTA-ORIGINAL,-58.820851208912465,-27.484729449277037
1342,VUELTA,1,VUELTA-ORIGINAL,-58.818199728239861,-27.484935612486883
1343,VUELTA,1,VUELTA-ORIGINAL,-58.816135452415509,-27.485106071705228
1344,VUELTA,1,110-B,-58.823990332680388,-27.482596519742678
1345,VUELTA,1,110-B,-58.820573145128513,-27.482486308178231
1349,VUELTA,1,110-A,-58.84933262586798,-27.482934002377249
1350,VUELTA,1,110-A 104-A,-58.848081310943527,-27.483690909707072
1351,VUELTA,1,110-A,-58.84560778833638,-27.484320806927641
1352,VUELTA,1,110-A,-58.84543939653598,-27.482985602742783
1353,VUELTA,1,110-A,-58.845160014195542,-27.480821246256856
1354,VUELTA,1,110-A,-58.844826828782274,-27.478354112476428
1355,VUELTA,1,110-A,-58.844546910043491,-27.476243101803259
1360,VUELTA,1,110-A,-58.840942497577309,-27.472751734751839
1361,IDA,1,110-A,-58.848795421075643,-27.486734869295837
1362,IDA,1,110-A,-58.84721230134825,-27.486112025100368
1363,IDA,1,110-A,-58.845998336759912,-27.485604010242373
1364,IDA,1,110-A,-58.844563710958873,-27.485495565732339
1365,IDA,1,110-A,-58.843402471586117,-27.484850774746736
1366,IDA,1,110-A,-58.840567541062086,-27.485167626254228
1367,VUELTA,1,110-A,-58.840643090950536,-27.485025982952813
1368,VUELTA,1,110-A,-58.839274285911046,-27.485161928290342
1369,IDA,1,110-A 104-D,-58.836505833057743,-27.485657091569394
1370,VUELTA,1,110-A 104-D,-58.835176467630063,-27.485833975247093
1371,IDA,1,110-A,-58.834515568087184,-27.485833523691959
1372,VUELTA,1,104-D 110-A,-58.8326517023972,-27.485909364268444
1373,IDA,1,110-A,-58.831254962866637,-27.484911898284935
1374,IDA,1,110-A,-58.830939578666637,-27.487261824158988
1375,VUELTA,1,110-A 103-A,-58.830686755274357,-27.486924344113866
1376,IDA,1,110-A,-58.830961249095559,-27.487907312680697
1,VUELTA,1,105-A,-58.779873216561008,-27.443318906322808
2,IDA,3,105-A 105-C-250VIV 105-C-PERICHON,-58.776327573597882,-27.463186310740969
3,IDA,3,105-A 105-C-250VIV 105-C-PERICHON,-58.778183625059398,-27.463691796505
4,IDA,3,105-A 105-C-250VIV 105-C-PERICHON 109-A 109-B-YECOHA,-58.780495197281482,-27.46427417566629
5,IDA,3,105-A 105-C-250VIV 105-C-PERICHON 109-A 109-B-YECOHA 110-A,-58.782679420770265,-27.46482520114434
6,IDA,3,105-A 105-C-250VIV 105-C-PERICHON 109-A 109-B-YECOHA,-58.783794121929319,-27.46510649744431
8,IDA,3,105-A 105-C-250VIV 105-C-PERICHON 109-A 109-B-YECOHA,-58.787866779494685,-27.46610604953235
9,IDA,4,105-A 105-B 105-C-250VIV 105-C-PERICHON 109-A 109-B-YECOHA,-58.791127922964591,-27.466911139721923
10,IDA,4,105-A 105-B 105-C-250VIV 105-C-PERICHON 109-A 109-B-YECOHA,-58.792763224954037,-27.46732752499895
11,IDA,4,105-A 105-B 105-C-250VIV 105-C-PERICHON 109-A 109-B-YECOHA,-58.796430908905663,-27.468238006440576
12,IDA,1,105-A,-58.78163248011284,-27.443857893442225
13,IDA,4,105-A 105-B 105-C-250VIV 105-C-PERICHON 109-A 109-B-YECOHA,-58.797556984154909,-27.468532926511518
14,IDA,4,105-A 105-B 105-C-250VIV 105-C-PERICHON 109-A 109-B-YECOHA,-58.799066698032405,-27.468905557348069
15,IDA,1,105-A,-58.805327030766065,-27.468526840343589
16,IDA,1,105-A,-58.806119707367593,-27.471415076543558
20,IDA,1,105-A,-58.815538619589894,-27.471846157844453
21,IDA,1,105-A,-58.81682666669299,-27.471688997144589
1377,IDA,1,110-A,-58.830989484383402,-27.489010160033352
1378,VUELTA,1,110-A 104-D 103-A,-58.830725316549191,-27.488667503601267
1379,VUELTA,1,110-A,-58.830776391625612,-27.489765461576756
1380,IDA,1,110-A,-58.831107005699089,-27.490830199569235
1393,IDA,1,110-A 110-B,-58.817939891948619,-27.482802564266773
1394,IDA,1,110-A 110-B,-58.815800456649285,-27.483079085123229
1395,VUELTA,1,110-A,-58.815807783726726,-27.482926713237735
1396,IDA,1,110-A,-58.815094488365823,-27.480903430015566
1398,VUELTA,1,110-A,-58.810409180848218,-27.4715649820895
1399,IDA,1,110-A,-58.810537464687393,-27.471820135258731
1401,VUELTA,1,105-A 101-B 101-C 110-A,-58.808432515178119,-27.472086680060318
1408,IDA,1,110-A,-58.794538205802652,-27.475755051166772
1413,IDA,1,110-A,-58.789684083973356,-27.476571643299867
1414,IDA,1,110-A,-58.787804136240233,-27.472144241653094
1415,IDA,1,110-A,-58.78756396504388,-27.470666085413516
1416,IDA,1,110-A,-58.787280361458897,-27.468732790094649
1417,IDA,1,110-A,-58.787050621170572,-27.467343643079197
1418,VUELTA,1,110-A,-58.787136788038509,-27.466757524167811
1419,IDA,1,110-A,-58.78653880341966,-27.4659647404957
1420,IDA,1,110-A,-58.784101567736954,-27.465371854131121
1421,VUELTA,1,110-A,-58.784140318773233,-27.465214677801416
1422,IDA,1,110-A,-58.781761187603863,-27.464779773031644
1423,VUELTA,1,110-A,-58.781697837220854,-27.464583595796288
1424,IDA,1,110-A,-58.778310513983236,-27.463888293271793
1425,IDA,1,110-A,-58.776469875792117,-27.463440238468216
1426,VUELTA,1,110-A,-58.776486078513535,-27.46326254190538
1429,VUELTA,1,110-A,-58.775494429777886,-27.460731053583299
1430,IDA,1,110-A,-58.775888279326381,-27.459367696421506
1431,VUELTA,1,110-A,-58.776233736955284,-27.458517105109028
1434,VUELTA,1,105-A 110-A,-58.777711734350042,-27.45465319111651
1435,IDA,1,105-A 110-A,-58.778171306515617,-27.45326499629611
1437,IDA,1,110-A,-58.778551478545005,-27.451586479218182
1440,VUELTA,1,110-A,-58.780715985330531,-27.446003500070304
1443,VUELTA,1,110-A 104-A,-58.843340309155622,-27.477575926964306
1444,VUELTA,1,110-A 104-A,-58.843680270519329,-27.479936415443412
1445,VUELTA,1,110-A 104-A,-58.843974670177452,-27.482296524260558
1447,VUELTA,4,110-A 104-A 104-C 104-D 108-A-B,-58.839304425601995,-27.469399857808806
1448,IDA,1,104-A,-58.838816335490208,-27.473077554493294
1449,VUELTA,1,104-D,-58.820339950579232,-27.461578123487882
1450,VUELTA,1,104-D,-58.82153661895979,-27.461544399823357
1451,VUELTA,1,104-D,-58.823658669421029,-27.461431319091322
1502,VUELTA,1,110 C- SANTA CATALINA,-58.807814007157468,-27.525115551959765
1503,VUELTA,1,110 C- SANTA CATALINA,-58.806235528536945,-27.527529642452613
1504,VUELTA,1,110 C- SANTA CATALINA,-58.803002908275701,-27.526401475196014
322,IDA,1,103-D,-58.763943143954805,-27.572566710535586
23,IDA,1,105-A,-58.818427023496788,-27.471515240244742
25,IDA,2,105-A 105-B,-58.820259726601151,-27.471355313544944
26,IDA,2,105-A 105-B,-58.82261286210678,-27.471139479545158
27,IDA,2,105-A 105-B,-58.824612868011563,-27.470894560345364
28,IDA,2,105-A 105-B,-58.827020821217303,-27.470659447945593
32,IDA,5,104-A 105-A 105-B 104-C 104-D 108-C 108-A-B,-58.838051204882348,-27.467766141844137
33,IDA,9,105-A 105-B 102-C 102-A 102-B 103-D 104-A 104-C 104-D 108-A-B,-58.837682099143386,-27.463897515246856
36,VUELTA,10,105-A 105-B 105-C-PERICHON 105-C-250VIV 108-C 104-A 104-B 104-C 104-D 110-A,-58.83911492358849,-27.465275394395061
103,VUELTA,2,109-A 109-B-YECOHA 103-A,-58.817577565065811,-27.508508313068376
1500,IDA,1,110 C- SANTA CATALINA,-58.80270232738274,-27.523608244938476
1501,IDA,1,110 C- SANTA CATALINA,-58.806444672775264,-27.523481600537952
37,VUELTA,9,105-A 105-B 105-C-250VIV 105-C-PERICHON 104-B 103-A 103-D 103-B 103-C-ESPERANZA-PUERTO,-58.836178385639244,-27.468757007346543
38,VUELTA,9,105-A 105-B 105-C-250VIV 105-C-PERICHON 104-B 103-A 103-B 103-C-ESPERANZA-PUERTO 103-D,-58.83260459363072,-27.469118267446177
43,IDA,1,105-A 110-A,-58.778505192004339,-27.452769700541573
104,VUELTA,2,109-A 109-B-YECOHA 103-A,-58.820068352371038,-27.508819815348385
105,VUELTA,2,109-A 109-B-YECOHA 103-A,-58.82210801735603,-27.509034487325945
106,VUELTA,2,109-A 109-B-YECOHA 103-A,-58.823941960933837,-27.509219600992736
108,VUELTA,3,109-A 109-B-YECOHA 104-C,-58.829754998019155,-27.50979162014437
109,IDA,5,109-A 109-B-YECOHA 103-B 103-D 103-C-ESPERANZA-PUERTO 110-B,-58.815084655785661,-27.498086376243421
110,IDA,5,109-A 109-B-YECOHA 103-B 103-D 103-C-ESPERANZA-PUERTO 110-B,-58.817900053192851,-27.494008161243848
111,IDA,5,109-A 109-B-YECOHA 103-B 103-D 103-C-ESPERANZA-PUERTO,-58.819231099396255,-27.491994325144063
112,IDA,5,109-A 109-B-YECOHA 103-B 103-D 103-C-ESPERANZA-PUERTO,-58.820396938399291,-27.489753339544251
113,IDA,5,109-A 109-B-YECOHA 103-C-ESPERANZA-PUERTO 103-B 103-D 110-B,-58.823108093192303,-27.486369843247811
114,IDA,2,109-A 109-B-YECOHA,-58.826682083084336,-27.50960012786873
115,IDA,5,109-A 109-B-YECOHA 103-D 103-B 103-C-ESPERANZA-PUERTO,-58.824268204209062,-27.484855039144794
116,IDA,5,109-A 109-B-YECOHA 103-B 103-D 103-C-ESPERANZA-PUERTO,-58.826366865114373,-27.482156653045106
117,IDA,5,109-A 109-B-YECOHA 103-B 103-D 103-C-ESPERANZA-PUERTO,-58.828411881819569,-27.479529596945383
118,IDA,5,109-A 109-B-YECOHA 103-D 103-C-ESPERANZA-PUERTO 103-B,-58.82979891912305,-27.477823460545601
119,IDA,7,109-A 109-B-YECOHA 102-C 102-A 106-C 102-A 106-A,-58.831124433326359,-27.476223522945762
120,IDA,4,109-A 109-B-YECOHA 106-A 106-C,-58.833783799338391,-27.474781926526674
121,IDA,4,109-A 109-B-YECOHA 106-A 106-C,-58.833492237132461,-27.472215045346161
122,IDA,2,109-A 109-B-YECOHA 103-A,-58.823937319006212,-27.509319480736597
130,IDA,2,109-A 109-B-YECOHA 103-A,-58.822106964648,-27.509118661865386
176,VUELTA,3,109-A 109-B-YECOHA 110-A 105-A 105-C-250VIV 105-C-PERICHON,-58.785957709389095,-27.465621182990997
181,IDA,5,109-A 109-B-YECOHA 103-B 103-D 103-C-ESPERANZA-PUERTO,-58.810492127173632,-27.507465306742613
191,IDA,1,102-C,-58.718044764155579,-27.493856951733875
192,IDA,1,102-C,-58.749114551429713,-27.491470288637167
193,IDA,1,102-C,-58.753053123939161,-27.49079319843759
194,IDA,1,102-C,-58.75683453574824,-27.490120802137987
195,IDA,1,102-C,-58.763285918963831,-27.488063715538726
196,IDA,1,102-C,-58.766223356970912,-27.48711127983908
197,IDA,1,102-C,-58.770149440380386,-27.485946195339494
198,IDA,1,102-C,-58.774877001391715,-27.485186375739971
199,IDA,1,102-C,-58.779374060102484,-27.484501741940463
200,IDA,2,102-C 102-A,-58.78518188081636,-27.483929257941046
201,IDA,1,102-C,-58.71795843055552,-27.492857493533933
202,IDA,2,102-C 102-A,-58.792401633133615,-27.48308000354179
203,IDA,4,102-C 102-A 106-B 106-A,-58.798573312248486,-27.481278732542453
211,IDA,1,102-C,-58.718527310256967,-27.491916122034027
323,IDA,1,103-D,-58.743343275806467,-27.566472731633734
397,VUELTA,1,108-C,-58.830152048725139,-27.467001753046031
398,VUELTA,1,108-C,-58.827396917218586,-27.467211132945749
399,VUELTA,1,108-C,-58.824503065111706,-27.467417830745482
400,VUELTA,2,108-C 102-A,-58.819078548798167,-27.472873108544764
472,IDA,2,108-A-B 110-A,-58.814503119286691,-27.478085227444112
473,IDA,2,108-A-B 110-A,-58.813819910385398,-27.475317774444154
474,IDA,2,108-A-B 110-A,-58.813246537390413,-27.473380755187367
477,IDA,4,108-A-B 105-C-PERICHON 105-C-250VIV 105-B 109-A 109-B-YECOHA 104-C,-58.813216693082722,-27.467434764000316
478,IDA,2,108-A-B 108-C,-58.797724141643165,-27.508358147141355
479,IDA,4,108-A-B 105-C-250VIV 105-B 105-C-PERICHON 104-C,-58.816115382516251,-27.467219815068798
480,IDA,3,108-A-B 105-C-PERICHON 105-C-250VIV 109-A 109-B-YECOHA,-58.818469666908953,-27.466759492066664
481,IDA,3,108-A-B 105-C-PERICHON 105-C-250VIV 109-A 109-B-YECOHA,-58.820872533666353,-27.466627485543466
482,IDA,1,108-A-B,-58.823711897210082,-27.465179108245476
543,VUELTA,1,103-B 103-C-ESPERANZA-MONTAÃ‘A,-58.796430478738067,-27.524967307340596
544,VUELTA,2,103-C-ESPERANZA-MONTAÃ‘A 103-C-ESPERANZA-PUERTO,-58.791339729825175,-27.531254908139868
545,VUELTA,2,103-C-ESPERANZA-MONTAÃ‘A 103-C-ESPERANZA-PUERTO,-58.791257922424855,-27.532466260839808
546,VUELTA,2,103-C-ESPERANZA-MONTAÃ‘A 103-C-ESPERANZA-PUERTO,-58.791053571624168,-27.534051781639732
547,VUELTA,2,103-C-ESPERANZA-MONTAÃ‘A 103-C-ESPERANZA-PUERTO,-58.790916527523699,-27.535155259139678
548,VUELTA,2,103-C-ESPERANZA-MONTAÃ‘A 103-C-ESPERANZA-PUERTO,-58.790779231923217,-27.536447748639613
549,VUELTA,2,103-C-ESPERANZA-MONTAÃ‘A 103-C-ESPERANZA-PUERTO,-58.790643361322694,-27.538195543139544
550,IDA,2,103-C-ESPERANZA-MONTAÃ‘A 103-C-ESPERANZA-PUERTO,-58.787055068513055,-27.547060243938844
613,VUELTA,1,105-B 108-A-B,-58.812594057083011,-27.470993466744201
614,VUELTA,1,105-B 108-A-B,-58.812055855082029,-27.468611832844246
615,IDA,1,105-B,-58.783488233516408,-27.450710015442144
616,VUELTA,1,105-B,-58.789037891627771,-27.46537809454215
617,VUELTA,1,105-B,-58.787846320225171,-27.463510103642086
770,VUELTA,1,106-B,-58.7909410865281,-27.499669298641013
845,IDA,1,104-C,-58.819480125799878,-27.466626914345021
929,IDA,1,104-A,-58.845842720060354,-27.484442817146846
930,IDA,1,104-A 104-B,-58.841089699469997,-27.493367086024875
932,IDA,1,104-A,-58.838024760652452,-27.491428063715102
933,IDA,1,104-A,-58.840231119646525,-27.488742230546162
934,IDA,1,104-A,-58.842314609351497,-27.488469148146372
935,IDA,1,104-A,-58.844763885257379,-27.487934718046628
1005,VUELTA,2,109-B-YECOHA 109-A 103-A,-58.815902939002569,-27.508296305705766
1007,IDA,1,103-A,-58.826173829811019,-27.506508261044157
1008,IDA,2,103-A 104-C,-58.826111405905657,-27.505856678142472
1009,IDA,2,103-A 104-C,-58.825996384910908,-27.503993522444226
1010,IDA,2,103-A 104-C,-58.827904106115504,-27.503526650444435
1011,IDA,2,103-A 104-C,-58.828778003317609,-27.503406789244504
1012,IDA,2,103-A 104-C,-58.830373582421409,-27.503203109044691
1083,VUELTA,1,106-A,-58.779687040402479,-27.490628661740246
1084,VUELTA,1,106-A,-58.778119205398248,-27.494596654639953
1085,VUELTA,1,106-A,-58.777311106096128,-27.496331792439829
1086,VUELTA,1,106-A,-58.775543781791399,-27.50045920923948
1087,VUELTA,1,106-A,-58.778705519498786,-27.501648852739734
1088,IDA,1,106-A,-58.779570448100579,-27.50376838453975
1089,VUELTA,1,106-A,-58.779653009900812,-27.503470491739758
1090,VUELTA,1,106-A,-58.779887032601202,-27.504729285939742
1091,VUELTA,1,106-A,-58.780140669001653,-27.50611238373973
1092,VUELTA,1,106-A,-58.781165524304079,-27.506053961939827
1093,VUELTA,1,106-A,-58.782736209107846,-27.505822872839978
1094,VUELTA,1,106-A,-58.783914704710682,-27.505635788740097
1096,VUELTA,1,106-A,-58.787339801818845,-27.505186434940466
1097,IDA,1,102-B,-58.801255018353764,-27.490242675042396
1098,IDA,1,102-B,-58.802371571756503,-27.48958293544252
1099,IDA,3,102-B 108-A-B 110-B,-58.807879907069605,-27.489399287943044
1101,VUELTA,1,102-B,-58.830774684608862,-27.470323454945419
1102,IDA,1,102-B 108-A-B 110-B,-58.805677149201713,-27.491003390365957
1104,IDA,1,102-B,-58.802917736557397,-27.492728244642468
1105,IDA,1,102-B,-58.801130379453149,-27.492817428042258
1106,IDA,1,102-B,-58.79962207038411,-27.492717328981072
1107,IDA,1,103-B,-58.791039322425597,-27.522186108040191
1108,IDA,1,103-B,-58.789070161921082,-27.520715670740042
1109,IDA,1,103-B,-58.788978380020723,-27.521762235240008
1110,IDA,1,103-B,-58.789729482422381,-27.522908041340038
1112,IDA,1,103-B 103-C-ESPERANZA-MONTAÃ‘A,-58.792121677628046,-27.523111553940254
1114,IDA,1,103-B 103-C-ESPERANZA-MONTAÃ‘A,-58.794198629332911,-27.523769198140425
1163,IDA,1,103-B,-58.790598841073567,-27.517740710377868
1164,IDA,1,103-B,-58.788821355140684,-27.522814904168992
1165,VUELTA,1,103-B,-58.796350223220117,-27.525052138773422
1166,VUELTA,1,103-B 103-C-ESPERANZA-MONTAÃ‘A,-58.794922719711565,-27.524325330999698
1168,IDA,1,103-B 103-C-ESPERANZA-MONTAÃ‘A,-58.794106280661836,-27.523909840376309
1170,VUELTA,2,103-C-ESPERANZA-MONTAÃ‘A 103-C-ESPERANZA-PUERTO,-58.790554887646451,-27.539185015573239
1171,VUELTA,2,103-C-ESPERANZA-MONTAÃ‘A 103-C-ESPERANZA-PUERTO,-58.790050381227381,-27.543340668706698
1172,VUELTA,2,103-C-ESPERANZA-MONTAÃ‘A 103-C-ESPERANZA-PUERTO,-58.790573695111021,-27.546113433743383
1173,IDA,1,103-D,-58.787575251534022,-27.531893579647164
1174,VUELTA,1,103-D,-58.787771034315966,-27.532067557299118
1179,IDA,2,104-A 110-A 104-B 110-B,-58.851777226335237,-27.488258021153523
1180,IDA,1,104-A 104-B 110-B,-58.851673219008113,-27.490167132170608
1181,IDA,1,104-A,-58.849732726458342,-27.491840754784423
1182,IDA,1,104-A 104-B 110-B,-58.84755297590371,-27.492247509822491
1189,IDA,3,104-A 104-D 104-C 108-A-B,-58.827438123471666,-27.462727072309814
1239,VUELTA,2,109-A 109-B-YECOHA,-58.814214563704581,-27.467464811942619
1240,VUELTA,2,109-A 109-B-YECOHA 103-A,-58.813136047291884,-27.507928537873838
1241,IDA,1,103-A,-58.831204827442811,-27.501066313016445
1302,VUELTA,1,110-B 104-A,-58.839797220134656,-27.493276378460308
1303,VUELTA,1,110-B,-58.837827443277277,-27.492988698148952
1304,VUELTA,1,110-B,-58.833796610739974,-27.493525347594311
1306,VUELTA,1,110-B 104-D,-58.824977035547469,-27.494754133992199
1307,VUELTA,1,110-B,-58.821492463596847,-27.501107735146366
1308,VUELTA,1,110-B,-58.817463865681248,-27.499273721284734
1311,VUELTA,1,110-B,-58.8200119347323,-27.490656155679602
1242,IDA,2,101-B 101-C 104-B,-58.839454911880125,-27.469479072053314
1249,IDA,2,101-B 101-C 110-A,-58.813691149428358,-27.474150009158517
1381,IDA,1,110-A,-58.829855508751571,-27.491719045646466
1382,VUELTA,1,110-A,-58.828036421527052,-27.491861253421412
1383,IDA,1,110-A,-58.826459564602537,-27.492264618667598
1384,VUELTA,1,110-A,-58.826055536362752,-27.490604757389008
1385,IDA,1,110-A,-58.825611154511755,-27.48899028463892
1386,VUELTA,1,110-A,-58.825805286852123,-27.488951273514022
1387,VUELTA,1,110-A,-58.825177948487223,-27.484713382923175
1388,IDA,1,110-A,-58.82495228467689,-27.484503150849317
1389,IDA,1,110-A,-58.824912680826102,-27.482866686231208
1390,IDA,1,110-A,-58.819240432963468,-27.48265608737875
1391,VUELTA,1,110-A,-58.819219054789961,-27.482523796265323
1392,VUELTA,1,110-A,-58.817918189839844,-27.482700757099543
18,IDA,3,105-A 101-B 101-C,-58.811027250839977,-27.471522669583813
19,IDA,3,105-A 101-B 101-C,-58.813077357584049,-27.471979178644204
29,IDA,4,105-A 105-B 101-B 101-C,-58.830552871325715,-27.470332637545955
30,IDA,4,105-A 105-B 101-B 101-C,-58.833145645431905,-27.470113283146208
31,IDA,4,105-A 105-B 101-B 101-C,-58.837448244042157,-27.469656804646611
35,VUELTA,11,105-A 105-C-250VIV 105-C-PERICHON 103-A 103-B 103-C-ESPERANZA-PUERTO 103-D 105-B 101-B 101-C 110-A,-58.838963169683225,-27.46277160833246
84,VUELTA,9,109-A 109-B-YECOHA 102-A 102-B 102-C 106-A 106-B 106-C 101-B 101-C,-58.830591794858272,-27.468611045668496
961,IDA,1,101-B 101-C,-58.84047645822762,-27.466333430537901
1452,IDA,1,101-B 101-C,-58.789657339357433,-27.476450834581041